title,text,tag
민규지원금1,타지에서 생활하느라 생활비 벌려면 일을 해야하는데 공부도 해야하고 돈을 구할 방법이 없을까요?,money
민규지원금2,"계약직으로 일하다가 코로나로 정리해고 돼서 당장 월세 내기가 빠듯해졌습니다. 생활비, 월세 등을 지원해주는 지원금 정책 있을까요?",money
민규지원금3,구직활동하는데 이것저것 돈이 많이 나가네요. 정부에서 지급해주는 지원비가 없을까요?,money
민규지원금4,친구가 나라에서 청년 지원금도 받고 취업하면 취업성공수당도 줬다는데 저도 받을 수 있나요?,money
민규지원금5,사회초년생인데 돈 모으기가 쉽지 않네요. 적금도 넣고 싶은데.. 돈을 모을 수 있게 지원금을 주는 정책이 있을까요?,money
민규지원금6,중소기업에 취직한 청년입니다. 중소기업에 오래 재직하면 받을 수 있는 지원금이 무엇이 있나요?,money
민규지원금7,어문 전공을 하고 해외취업을 알아보는데 돈이 너무 많이 들어서 걱정입니다. 해외취업할 때 지원금을 받을 수 있나요?,money
민규지원금8,방학 때 알바라도 하면서 등록금을 벌고 싶은데 괜찮은 일 없을까요?? 근로 장학금 같은거 찾고있어요.,money
민규지원금9,서울에서 지방으로 취직을 해서 혼자 내려왔는데 버는대로 생활비로 나가서 너무 힘듭니다. 생활비 등을 지원해주는 지원금도 있나요?,money
민규지원금10,내일채움공제라는게 있다고 들었는데 저도 해당될까요? 중소기업 재직 중인데 돈을 모으고 싶습니다.,money
민규지원금11,대학에서 미술을 전공했고 전공을 살려 창작활동을 하고 싶은데 창업 지원금이나 창업 비용을 지급받을 수 있을까요?,money
민규지원금12,대학생 연합동아리 몇개가 모여서 캠페인을 진행하고 하는데 활동비나 지원금 등 금전적인 도움을 받고 싶습니다.,money
민규지원금13,간호사 면허를 따고 고향에 공공의료기관에 취업했는데 동료 선생님이 나라에서 근속장려금을 받아서 돈을 모으시더라고요. 저도 지급받을 수 있나요?,money
민규지원금14,해외취업을 하고 싶은데 전문기술도 그렇고 어학도 그렇고. 집에서 도와줄 형편이 안 됩니다. 나라에서 지급받을 수 있는 지원금 알려주세요,money
민규지원금15,부사관으로 5년 정도 근무했는데 취업준비를 하며 보니 전역군인 위한 지원금이 있다고 하던데 어떤 사업인가요?,money
민규지원금16,중소기업을 운영하는 대표입니다. 정기적으로 직원을 받고 있는데 직원들 돈을 더 챙겨주기 위한 인건비 지원받을 수 있나요??,money
민규지원금17,스타트업을 시작한지 1년이 안 된 청년대표입니다. 창업은 했지만 돈 나갈 때가 너무 많아 부담입니다. 지원비를 받을 수 있나요?,money
민규지원금18,졸업하고 알바만 한지 1년이 돼가는데 취업은 안 되고 돈은 부족하고 취준에 몰두하자니 자격증 교육비나 활동비가 필요해 그만두지도 못 합니다,money
민규지원금19,방학동안 해외봉사를 가보고 싶습니다. 근데 봉사도 비용이 꽤 돼서 학교나 정부에서 지원해주는 지원 사업이 있을까요? 활동비 등 지급해주는거요,money
민규지원금20,초중고등학생들 가르치는 멘토링이나 교육봉사 해보고 싶은데 활동비도 나오면 좋을거 같아요! 활동비나 교통비 등 돈을 지급받고 싶어요.,money
민규지원금21,도시에 살다가 귀농해서 창농해볼까 생각중입니다. 아직 아이디어 구상중인데 창농 비용이나 지원금 받을 수 있는 정책이 있을까요?,money
민규지원금22,"체대생인데 아르바이트 할 곳 없을까요? 학교 다니면서 필요한 생활비, 활동비를 벌고 싶습니다.",money
민규지원금23,중소기업 대표인데 청년일자리 제공하면 인건비 지원 받을 수 있다는 얘기를 들었는데 맞나요? 초기 비용이 많이 들어 돈이 필요해요,money
민규지원금24,현역 군인입니다. 일과 후에 자격증 공부해보고 싶은데 교육비나 활동비 지급받을 수 있나요?,money
민규지원금25,저소득층 청년입니다. 취업준비 때문에 공부해보려 하는데 교육비나 강의료 등 비용을 지급받을 수 있나요? ,money
민규지원금26,예대를 졸업하고 공방 창업을 준비하고 있습니다. 창업 비용이 만만치 않은데 장려금이나 지원금을 받을 수 있나요?,money
민규지원금27,이공계 대학생입니다. 해외연구소에서 연구를 해보고 싶은데 개인적으로 가기엔 금액이 부담돼서 국가에서 파견가서 생활 비용 지원받고 연구할 수 있는 방법은 없나요?,money
민규지원금28,서울에서 취업이 어려워 지방으로 가고 싶은데 혼자 타지에서 정착할 형편이 안 됩니다. 정착금이나 지원금을 받아 생활에 필요한 비용의 부담을 덜고 싶어요.,money
민규지원금29,사회초년생이 돼서 이제 막 저축을 시작했는데 돈 모으기가 쉽지 않을 것 같습니다. 청년이나 사회초년생들 우대 통장 같은거 없나요? 지원금을 주는 정책도 좋고요,money
지원금1,워홀이나 어학 연수 등으로 외국에 유학가고 싶습니다. 비용 마련이 부담스럽고 금액이 커서 저같은 외국 유학을 원하는 학생들이 돈을 지급받을 수 있는 제도가 있을까요?,money
지원금2,"사업 확장을 하여 인력이 더 필요한 상황인데 작은 회사라 인건비가 약간 부담스럽습니다. 회사에겐 인건비 부담을 줄여 사원을 모집하고, 사원에겐 약간의 돈을 더 벌게 해줄만한 좋은 정책 없나요?",money
지원금3,음식점을 운영하는 청년 자영업자입니다. 코로나로 인해 매출이 감소하여 생활이 매우 어려워졌습니다. 현재 신청 가능한 재난지원금을 알고 싶습니다.,money
지원금4,대학교에 재학 중인 대학생입니다. 학업과 병행할 수 있을만한 단기 아르바이트나 근로 장학금같은 교내에서 간단히 할 수 있는 일을 구해 생활비를 벌고 싶습니다.,money
지원금5,지방에서 대학을 졸업한 취업준비생입니다. 취직은 서울에서 할 생각인데 지방에서 올라온 청년을 위한 지원금이나 거주비 지원같은 정책이 있을까요?,money
지원금6,이제 슬슬 본가에서 나와 독립을 하려고 생각 중인데요. 아무래도 집을 구하기는 비용 문제가 있어 저의 소득수준을 고려한 전세비나 주거비 지원금을 알아보고 있습니다. 사회초년생을 위한 주거비 정책을 알려주세요.,money
지원금7,사회 취약 계층에 피부양자도 있는 청년가장입니다. 빨리 취업을 해야하는 상황인데 생계가 힘들어 취업을 준비하기가 매우 힘든 상황입니다. 사회취약계층을 위한 지원금이나 생활비 지원이 있을까요?,money
지원금8,"출산으로 인한 퇴사로 경력단절이 된 여성입니다. 슬슬 일을 다시 시작하고 싶은데 경력단절 여성을 위한 상담과 지원금, 재취업을 위한 교육비를 지급받고 싶습니다.",money
지원금9,IT 계열로 취업하고 싶은 비전공자입니다. IT 계열 취업을 위해 관련 교육을 듣고 공부하고 싶은데 수업료나 교재비 등 교육비를 지급해주는 사업은 없을까요?,money
지원금10,고등학교 졸업 이후 바로 군입대를 하여 전역을 앞둔 장병입니다. 진학을 목표하고 있는데 군장병들을 위한 교육과 교육비 지원을 찾고 있습니다. 교육 후 대학 장학금까지 받을 수 있으면 더 좋겠습니다.,money
지원금11,"서울시에선 미취업청년을 위한 취업지원금 사업을 하는데, 저희 경기도에도 미취업자를 위한 지원금 제도가 있는지 궁금합니다.",money
지원금12,올해 중소기업에 취업하여 일하고 있는 사회초년생입니다. 경력을 쌓기 위해 중소기업에 왔지만 현실적으로 급여가 너무 적어 생활에 어려움이 있습니다. 중소기업 취업자를 위한 지원금은 없나요?,money
지원금13,"창업을 생각하고 있는 공예인입니다. 초기 창업 비용을 마련하기가 어려워 고민입니다. 문화, 예술인을 위한 창업지원금을 신청하고 싶은데 소개 부탁드려요.",money
지원금14,코로나로 인해 취업이 어려운 항공 관련 전공 취준생입니다. 코로나 같은 재난을 이유로 취업이 힘든 취준생을 위한 재난 지원금도 있나요? 취준 비용이 생각보다 부담입니다.,money
지원금15,"이번 하반기에 취업을 목표로 준비하고 있는 취업준비생입니다. 금전적 부담 때문에 하반기 취업 준비 기간동안 쓸 생활비 정도만 구하고 싶은데, 좋은 방법 있나요?",money
지원금16,졸업을 앞둔 대학생입니다. 졸업과 동시에 취업을 목표로 하는데 저에게 도움이 될만한 지원금 정책을 찾고 있어요. 지원금을 지급받고 빠르게 집중해서 취업하고 싶습니다.,money
지원금17,충북에서 대학도 졸업했고 취업도 여기서 하고 싶습니다. 저같은 지방에 정착해 사는 취준생을 위한 지원금 혜택을 받고싶어요. 타 지역 학생을 위한 지원금이나 주거비 등 지급받고 싶어요.,money
지원금18,"졸업한 후 백수로 산지 몇년째인 사람입니다. 일을 구해야되는 건 알지만 취업 의지가 점점 떨어져서 너무 힘듭니다. 이제 변하고 싶은데 저를 위한 지원이 있나요? 재사회화를 위한 교육비나 강의, 수업료 등 지급받고 싶습니다.",money
지원금19,취업장려금을 받아 힘을 내서 취업하고 싶습니다! 취업 장려금이나 취업지원금으로 제 취업 성공을 도와주세요!,money
지원금20,대학을 졸업하고 집에서 금전 지원이 끊겼습니다. 빨리 취업해서 독립을 해야해서요 제가 취업 준비에 집중할 수 있게 지원금을 지원 받고 싶습니다. 미취업자를 위한 취업 장려금 좀 부탁드려요,money
미취업청년입니다.,졸업하고 미취업 상태인데 돈이 너무 부족하네요 경제적 도움을 받을 수 있는 지원금 제도를 알려주세요,money
취업(백수)지원금,일을 그만두고 재취업 준비를 하고 있는데 취업지원금이나 경제적 지원을 받고 싶습니다.,money
대학교 자격증 지원금,"내년 3월달에 졸업예정입니다. 저소득층은 아니지만 금전적, 경제적으로 조금 부담스럽습니다. 취업 지원금, 장려금 알려주세요",money
20대 후반 청년인데 자격증 지원금 국가에서 주는게 있나요?,청년들 공부할 수 있도록 교육비나 지원금을 지급해주는게 있다고 들엇는데 온라인 청년 센터에서 받을 수 있는건가요?? 신청 방법과 조건 간단하게 알고싶습니다,money
국비지원해외취업이 가능한가요?,해외취업 하고싶은데 경제적으로 조금 힘드네요. 해외 취업 비용을 해결해줄 만한 지원금 정책이 있나요? 현금으로 지급받고 싶어요.,money
자격증 지원금 받을 수 있나요?,사무직 분야로 취업하려는데 취업 장려금을 신청하고 싶어요. 취업 비용이 생각보다 부담스러워요. ,money
연구비 지원 받을 수 있나요?,연구원입니다. 연구를 하는데 사용할 비용이 부족합니다. 신진연구자를 위한 경제적 지원 정책 추천해주세요.,money
배달전문 음식점 창업하고 싶은데 정부지원 창업자금 대출받을 수 있는게 있을까요?,배달전문 음식점 창업자입니다. 정부에서 지급하는 소상공인 창업비용을 지급받으려면 어떻게 해야하나요? 경제적으로 힘든 상황입니다.,money
예술인 지원금 신청하는 방법이 궁금합니다.,창작 지원금을 지급받고 싶은 예술인입니다.  금전적 부담을 해소할만한 창업 비용이나 활동비 지원을 찾고 있습니다.,money
코로나 예술인 지원금,지역 소속 예술인을 위한 지원금을 지급받고 싶습니다. 활동을 위한 돈 부담이 생각보다 커서요. ,money
청년사업지원금에 대해 알려주세요.,작게 의류 사업을시작하려고하는데 주변에서 사업지원금을 받을 수 있다고 알려주셔서 알아보려고 하는데 어디서 어떻게 알아보면 되는지 궁금합니다 온라인쇼핑몰은 개설하지않고 시작하려합니다 아무것도 모르기에 세세하게 알려주실분 계신가요?,money
미취업청년 취업장려금 고용보험,미취업청년인데 취업장려금을 받고 싶습니다. 그리고 후에 취업 성공한 후 고용보험도 지원받고 싶습니다.,money
도자기 가업,4대째 도자기를 만들고 있습니다. 저도 가업을 이어받으려고 하는데요. 전통공예를 승계하는 청년에게 지원금을 주는 정책이 있다고 들었는데 자세한 내용 부탁드립니다!!,money
목돈 지원,지금 중소기업을 다니고 있는데 연봉이 적어서 돈도 안모이고 힘드네요... 돈이 안모이니까 일 할 맛도 안나고...... 목돈을 모을 수 있는 방법 없을까요?,money
창업동아리를 만들었는데요,친구들이랑 같이 창업동아리를 만들었는데 창업을 하려면 돈이 있어야 되잖아요 사업 아이디어는 괜찮은 것 같은데 지원금 받을 수 있는 방법 알려주세요,money
농업인 지원금,예전부터 농업에 관심이 많아서 농촌으로 가려고 합니다. 청년 농업인이 많지 않아서 지원금이 좀 있다던데 알려주시면 감사하겠습니다.,money
전라북도 청년농업인 지원정책,"귀농귀촌을 하려고 하는데 청년농업인에 대한 초기 비용 지원정책에 대해 자세히 알려주세요! 주거비, 농지 비용, 생계비 등등!",money
청년농 청년농업인이 되고 싶습니다.,미래를 보고 진지하게 지역농업을 하고 싶어졌습니다 기반금은 거의 없어서 첫 귀농 비용을 지급받고 싶습니다. 청년 농부를 위해 농사 장려금 등도 주던데 찾아주세요.,money
운전직,전 지체장애3급 입니다 현제 관광버스 기업에 속해 있지만 코로나로 인해서 무급휴직으로 생계가 곤란해서 운전직 구하고  싶어요 제가 일할 만한 일자리 있을까요?,job
저의 강점을 살릴 수 있는 분야를 찾고싶습니다..,"인턴으로 건축기사일 하고 졸업 후 롯데건설에서 안전파트에서 8개월 정도 일했고 제가 러시아어를 업무에 문제가 되지않을만큼 구사합니다. 설계로 진로를 정하고싶어서 포트폴리오를 만들 제가 학부때 참여했던 프로젝트, 공모전 활동 자료들도 많이 갖추고있어요.  러시아어를 적절히 살리면서 제가 가진 장점을 살려 일자리를 구하고 싶은데 찾기가 쉽지가 않네요. ",job
KBS 1TV 글로벌 성공 시대 주인공으로 중소기업 해외 진출을 업무를 하고 싶습니다.,"한국에서 중소기업 해외 진출을 업무를 하고 싶습니다. 해외 사업에 대한 네트워크와 해외 사업의 성공 사례를 통하여 중소기업에서 리타이어 하고 싶습니다. 중소 기업이 해외 진출하는데 많은 어려움이 있습니다. 저는 해외에서 사업에 성공하여  해외에 지사 개설, 제품 유통, 해외 사장 개척에 노하우를 가지고 있습니다. 해외 사업의 경험을 살려 중소기업의 해외진출을 노리고 싶습니다.",job
아직 아무것도 제대로 시도해보지못한 취준생입니다.,경력도 없고 학력도 그렇게 좋지 않아 그냥 계속 학력무관만 찾게되고 의료나 사무적인곳만 찾아보고있습니다. 근데 하루하루 생계유지는 해야하니 일은 해야하고 빨리 경력이라도 쌓아 한곳에 정착하고 싶어요 이제는 알바말고 진짜 직장을 구하여 경력을 쌓고 싶어요.,job
기업의 재무나 회계팀을 갈 수 있을까요?,"기업에서 경영쪽이 아니라 회계팀으로 들어가고 싶은데, 원가나 재무 회계에 대해 실무 경험이 없는데도 경력직으로 지원해도 괜찮을까요? 그 업종관련 업무나 흐름은 잘 몰라도 다른 세법신고나 자금관리, 전표처리, 세금계산서 발행, 인사업무 등은 해본적이 있어요. 제가 갈만한 기업이 어디일까요?",job
디자인대학 진학을 고려중인데 나이가 고민입니다..,"광고대행사에서 편집디자인을 맡고 있어요. 학원을 통해 포폴을 만들고 취직을 했습니다. 회사가 학교, 공공기관 위주의 작업을 많이 하여 하는일은 현수막,리플렛,현황판 등 반복적인 작업이 많습니다. 저는 팬시, 앨범 굿즈 디자인과 일러스트에 흥미가 있어서 지금 회사에서 하는 업무랑 성향이 안맞더라구요.. 현재 7개월차 입니다.. 그래서 다시 디자인 대학교를 가려고 생각중입니다 생각하는 학교는 3년제 전문대입니다( 4년제는 준비기간과 돈이 많이 들어서 제외하였습니다)  몇가지 걱정이..졸업하면 28~29살에 취직하는건데  과연 이 나이에 다시 신입으로 취직이 가능할까요..? 지금 사는곳도 지방이라 수도권에서 학교를 다니면 돈이 많이 드는게 가장 걱정이네요… 나이와 금전적인 부분 때문에 사이버대학을 통해 학력을 만들어야 할지… 이게 과연 취직에 도움이 될지 걱정입니다..  지금 고졸로 남아있으면 30대에 다닐수 있는 회사가 더 적어질까봐 걱정이 되서 대학을 가고 싶은데 과연 어떤선택이 맞을까요.. 그냥 지금 다니는 회사 다니면서 사이버대학을 다녀야 할까요..? 코로나 때문에 나중에 더 취업이 안될까봐 걱정도 되고… 현실과 이상중에 어떤 선택을 해야할지.. 저보다 인생경험이 많으신 선배님들께 조언 부탁드려요ㅠㅠ",consult
취업에대한 고민,현재 공장 아르바이트를 하고있는데 근무환경도 돈도 너무 별로라 편한 사무직이나 월급이더 많은곳으로 이직하고싶은데 어떤 스펙을 쌓아야 할지 모르겠습니다ㅠ 지원하면 확인하고 연락은 안오네요 공부는 하고있는데 또어떤걸 해야할지 고민입니다..막막해서 여쭤봐요..,consult
분양사무직 31살 여자...재취업할수있을까요,아파트 분양 사무직으로 일하고 있었습니다. 저는 실업급여가 끝나기 전에 그냥 취업하고싶은데 제가 어떤 직무를 구해야 빨리 기업에 들어가서 일경험을 쌓을 수 있을까요?,job
28살 취준생 회계직무 취업 가능할까요,"지금 경리회계쪽도 괜찮아서 ERP 회계,인사 2급도 준비중이긴한데요...이런 스펙으로 중소기업이라도 들어갈 수 있나요? 제가 어느 기업에 가야 평생직장으로 다닐 수 있을까요",job
30대 사무직 신입..,"서비스업 경력만 7년이구 사무직 경험은 없어요, 평생직장 찾으려 다니던 직장 그만두고 사무직에 도전하려고 구직활동중인데.. 제가 도전해볼만한 기업을 찾고싶어요. ",job
취업할 수 있을까요?,무스펙 / 무자격증 / 잦은 이직 / 경력이라고 할만한 경력이 없음 올라오는 공고를 보면서 내가 갈수 있는 곳이 있나부터 생각하게 되네요.  어떻게 하면 일자리를 구할 수 있을까요? 일경험 많이 쌓고 경력도 쌓을 수 있는 기업을 찾아요,job
막막합니다. 진로 고민이요ㅜㅜ,경력은 없습니다.. 아르바이트만 했었습니다. 토익은 750 점 이상을 목표로 현재 공부중입니다. 어디 조그만 회사라도 들어가서 경력이라도 쌓거나 해야할텐데 어디를 가야할지 모르겠네요..어디에서 일자리를 구해야할지도 모르겠고요.. 사무직으로 가야할까요? 기업 추천해주세요,job
95년생 27살 취업이 하고싶은데 현실적인 조언이 필요합니다, 웹개발과 게임개발 중 하나를 하고싶었는데 국비지원쪽에 게임개발이 있어 2월부터 9월쯤까지 배워 현재 5월쯤까지 취업지원을 했다가 지금은 다시 방향을 틀어 웹개발쪽으로 인강을 보며 준비를 하고있습니다.,job
전기직 진로 고민,현장에서 어떤일들을 하는지 정보도 없어서 어느 직무로 가야할지 고민입니다..  좋은 여건은 아니어도 경력쌓고 일 배울수 있는곳으로 생각중인데 직무경험을 충분히 할 만한 곳 알려주세요,job
미술 학과를 졸업했는 데 취업 방법이 감이 안잡힙니다.,서울에서 취업하고 최대한 전공을 살리고 싶어요. 저의 미술 전공을 살려 직무를 정하여 경력을 빨리 쌓고 싶어요. 중소기업이나 스타트업도 괜찮아요. 어디가 일하기 좋을까요?,job
사무직 하고 싶어요,"사무직을 하고 싶은데 능숙하지가 못해요 그래도, 배워가며 하고 싶은데 거의 경력자들만 원하거나 20~30대만 원하니, 취직이 안되네요. 전에 농협하나로에서 계약만료로 나온 후 다시 재입사를 원하지만 인사권자와 모르는 저 같은 경우는 거의 재취업이  불가능하네요~ 하루빨리 배우며 일 할 수 있는 곳으로 취직 하길 원합니다",job
신입개발자 질문있습니다,취업고민이 있는데 서울권이나 경기도권으로 가야하는지 애초에 서울경기권이 규모도 크고 배울 사수도 많다고 하시길래 고민입니다. 일자리를 빨리 구해서 정규직으로 일하고 싶어요.,job
사무직 취업,사무직으로 이직 준비하는데 1년넘게 취업이안되네요... 저는 중소기업도 상관없고 정규직이든 계약직이든 일만 할 수 있으면 좋습니다.,job
27 여자 신입직 어떻게 생각하세요ㅠㅠ,"계속 서비스 계열로만 아르바이트하고 경력 1년 있습니다. 정말 중소기업, 계약직이라도 좋으니 인사 직무 가능할까요ㅠㅠ 빨리 인사 직무로 경력 쌓고 싶어요.",job
스무살 여자 취업이 너무 안되서 고민입니다..,"취업이 바로 될거라곤 생각 안했지만 카페,호텔,면세점 세 곳들을 원해서 알아보고는 있지만 너무 일자리 찾기가 어렵네요. 제가 갈만한 기업을 추천해주세요 계약직으로 시작해도 좋아요",job
내세울 것 없는 취준생,"3월달에 한달정도 회사생활 하다가 사수분과의 인간관계 문제로 퇴사후 다시 마음잡고 취업하려는데 중소기업이나 스타트업, 정규직,계약직 다 상관 없으니 빨리 구직할 수 있는 곳 알려주세요",job
고등학교 졸업 예정자 입니다,저는 호텔 관련된 일을 하고 싶은데 대졸을 많이 쓰시는 것 같더라구요. 제가 직장을 다닌다고 해도 잘할 수있을까요? 고졸 뽑는 회사가 있을까요? 어느 기업에서 일을 해야 경력도 쌓고 평생직장으로 다닐 수 있을까요?,job
저에게 적합한 직무를 모르겠어요..,저는 대체 어느쪽으로 가야 할까요... 혹시 저게 이런쪽이 적합하겠다 싶다 생각드시는 직무가 있을까요? 제가 갈만한 기업이나 직무를 알려주세요 빨리 일을 하고 싶습니다.,job
나이와 주변 취업 소식으로 너무나도 고민입니다.,"앞으로 한국사1급과 전기공사기사, 주기적으로 opic관련 공부하려 생각하고 있습니다. 지금 스펙으로 중소기업을 들어가서 경력을 쌓아야 하나 고민입니다. 어떤 일을 해야 가장 미래에 좋을까요?",job
항공우주공학과 마지막 학기 중인 재학생입니다.,"대외활동이랄 것도 딱히 없고, 학과 특성상 텀프로젝트나 설계 강의는 많이 들었지만 다 항공쪽이다보니 여러모로 쓰기에는 한정적인 느낌이 많이 듭니다. 스타트업이라도 들어가서 직무경험을 쌓고 싶은데 어떤 기업을 가면 좋을지 알려주세요",job
30살인데 마음이 갈팡질팡하네요 ...,취업을 하고 싶은데 맘같지 않고 여러가지 조언좀 해주시면 감사합니다.급여는 조금만 받더라도 일경험이라던지 회사생활이라는걸 해보고싶은데 안되네요...,job
시각장애인 디자인 취업 불리할까요?,"기업 지원 시 장애인 우대라고는 되어있지만, 시각장애인이 디자인 직무로 지원하면 탈락시킬까요?..시각장애지만 한쪽눈만 이상이 있어 생활하는데 거의 문제가 없습니다. 디자인학과 다니면서 과제들도 다 잘 수행해왔구요 하지만 서류탈락의 요인이 될까봐 장애를 표기 안하는 것이 맞는지 고민이네요.. 제가 갈만한 일자리는 어디일까요?",job
애매한 스펙으로 어딜 취업해야하나요?,다른 일을 하다가 회계쪽으로 갈려고 하는데 세무사무소 보단 최종적으로 기업에서 일하는 것이 목표입니다. 어디를 처음 취업해서 일경험을 쌓아야할지 고민이 많아요. 작은 중소기업 1년하고 중고신입으로 갈지 아니면 세무사무소에서 2~3년 경력 쌓다가 이직을 할지 모르겠습니다,job
고졸 무경력 취업할 수 있는 곳이 있을까요?,"갑자기 집안 사정이 안 좋아져서 대학은 잠시 미뤄두고 취업을 해야 할 것 같아요 제가 뭐 따놓은 자격증 하나 없고 어떤 경력이나 그런 거 아무것도 없고 지금까지 입시만 준비해와서 취업을 어떻게 할 수 있는지 하나도 모르겠습니다ㅠㅠ미용이나 뷰티쪽, 영업사원이 아니면 아무곳이나 다 괜찮고 열심히 일할 수 있는데 이런 사람도 취업할 수 있는 곳이 있긴 있을까요회사든 요식업이든 다 좋은데 현실적으로 가능한지 여쭤보고 싶습니다",job
경단녀..,"재수생들 사회탐구를 가르칠만큼 나름 실력있는 사회강사였는데요, 결혼 하고 일을 쉬었더니 교육과정도 다 바뀌고 입시내용도 바뀌고.. 이제 슬슬 일자리를  다시 구하고 싶은데 막막하네요. 경력단절되신 여성분들 어떻게 재취업 하셨는지, 취업 후에는 다시 잘 하고 계시는지 궁금하네요.. 제가 경력은 있으니 그걸 어필하고 싶습니다.",job
청년디지털일자리에 대해 궁금합니다,6개월 계약직이고 열심히 일 중인데요 6개월 계약만료 후에 청년디지털일자리란 제도로 다시 재취업이 가능한가요? 그리고 실업급여 관련에서 청년 디지털 일자리 6개월 다 채우고 회사에서 잘리면 제가 어떤 기업에 가서 일을 다시 해야할까요? 이제 평생직장으로 구하고 싶습니다,job
화장품 회사 취업관련 질문입니다,"화장품 기획,홍보 직무에 취업하려면 어떤 스펙이 필요할까요? 제 진로는 마케팅 화장품 기획or홍보 쪽에 관심이 있고, 화장품회사에 취업하고싶다는 생각이 들게되었어요. 제가 취업하여 일경험을 쌓을 수 있는 일자리를 찾아주세요.",job
한국에서 여름인턴 구하기 힘들까요?,"안녕하세요, 미국대학교에서 유학중인 학생입니다.여름에 한국에서 인턴을 하고싶은데, 구하기 어려울까요? 전공이 항공경영,항공경영관리 쪽이라서 항공관련 또는 매니지먼트관련 인턴을 하고싶어요. 안되면 어쩔 수 없지만 미국에서는 여름 인턴하려면 지금부터 구해야하잖아요? 그래서 미국에서 인턴을 하지않기로 마음 먹었는데, 한국에서도 못하게되면 어떡하지하는 마음에 조금 불안하네요",job
안녕하세요 취업을 하고 싶은 장애인 입니다,취업을하고 싶은 장애인 입니다 아직 경력은 없지만 일을 하고 싶어서 이렇게 질문글을 올려봅니다 혹시 사회경험도 없고 취업은 하고 싶은데 어디 기업 추천이나 일자리 추천 그런데가 있을까요...?,job
백수고민 취업고민 일자리,"지게차,대형 면허로 어디 취업할수있을까요? 아니면 다른 생산직도 괜찮고요.. 일자리 구하고 싶은 마음입니다 돈도 괜찮으면서 좋은 기업 없을까요? 평생직장으로 다니고 싶어요",job
고졸 취업 고민이요,"예전에 잠깐 메이크업,헤어디자이너를 꿈꿨는데 지금 와서 보니 그때 도전했어야 싶어요 큰 꿈이라고 볼 수 있지만 저는 제가 살고 있는 지방을 되도록이면 벗어나 일자리 찾고 싶어요. 고졸취업을 하려면 어떻게 해야할까요? 저를 위한 일자리 정책을 알려주세요.",job
고졸 취업 고민입니다..,얼마전에 회사 이곳 저곳 접수를 해봤는데 사무직으로 일자리를 찾고 싶어요. 제가 유일하게 좋아하고 자신있어하는 부분이 영어입니다. 그러나 영어 관련 직무를 하기엔.... 실력이 부족하구요.. 영어는 공부하고싶습니다만 아.. 정말 요새 아르바이트만 하고있는데 제가 정규직으로 일할 수 있는 기업은 어디있을까요?,job
취업 준비 질문,"취성패 과정도 끝나고, 현재 집에만 있는 편입니다. 전에 콜센터 일주일 교육받고 일주일 보조업무 맡다 어려우서 그만두고 집에만 있습니다.. 5월달부터 다시 취업을 할려고 하는데 정확히 어디로 일을 나가야할지를 몰라서..;; 우선 프로그램 관련 쪽으로 한번 나가보고 싶은데... 솔직히 아는게.. 그다지.. 없어서.. 무조건 간다고 해서 입사를 해줄지 고민입니당",job
30대 취업 조언 좀 부탁 드립니다.,노는거보다 뭐라도 하는게 나을 것 같아서 알바를 시작 했었는데  학력도 안되고.. 나이도 걸리고.. 경력도 없고.. 요즘은 일용직에 간간히 일하면서 용돈 벌이 정도 하고 있거든요. 지금 제 나이에 일자리를 어떻게 찾을 수 있을까요? 중소기업이든 상관 없어요 일하고 싶습니다.,job
질문  지적장애 취업지원 궁금한거,지적장애 3급인데 지금 제나이는 20대긴하지만 고용센터가서 취업지원해주는게 혹시 나이가 30대중후반되도 해주나요? 몇살까지 알선해주나요.. 계약직이 한계인건 알지만 그래도 3~40대되도 마냥 놀수는없잖아요..,job
간호조무사취업에 대해,취업할려니 나이때문에 사무직이나 경리 직무는 어렵고해서 1년간 공부해서 간호 쪽 직무로 취업을 하고 싶은데 적성엔 맞을 것같은데 일자리가 있을지가 궁금합니다 취업분포를 보니 20대가 50%를 넘고 40대가 겨우 10%로가 넘는 듯한데 제가 들어갈만한 기업이 있을까요?,job
나에게 어울리는 직종이 무엇인지 모르겠습니다.,언어적으로 스펙을 쌓아왔습니다. 그러다 보니 상대적으로 나이가 많은데 비해 경력이 너무나 짧습니다. 일본어 중국어 영어 순으로 회화가 가능하나 경력적인 부분에서 전문성 부족으로 취직에 난항을 겪고 있습니다. 어떻게 해야할지 가닥이 잡히지 않습니다.  현재 헤드헌팅 회사에 이력서를 돌리고 있으나 쉬운 편은 아닙니다.,job
취업고민입니다,취업을 어디로 가야 할지 방향을 못잡겟어요 다들 대기업 공장을 갈려고하는사람이 많아서 전공방향으로 가야할지 어쩔지 직무를 못정하겠어요. 생산직으로 가야할까요? 제가 갈 수 있는 기업은 어딜까요,job
취업...,"올해 안에 취업을 꼭 하겠다는 목표를 세웠지만,  암담합니다. 일본유학 3년 반 , 중국 연수 1년 ,  관광 서비스. 무역 쪽 직무에 관심이 있습니다. 제 스펙으로 갈 수 있는 기업이 어딜까요? 중소기업도 괜찮으니 알려주세요",job
취업,전에 하던 전기공사업 일이 없어서 지금 취업을 준비하려고합니다. 일자리를 알아볼려고 합니다. 생산직도 좋고 사무직도 좋고 직무는 상관 없습니다.,job
진로를 어떻게 잡아야할지 모르겠습니다...,"국내 취업을 뒤늦게 찾아보니 직무 관련 업무를 하나도 해온 적이 없어 어디에 지원을 할 수 있을지 모르겠습니다. 직무 탐색을 하라고 많이 말씀하셔서 해본 결과 결국 원하는 방향성은 데이터 분석가, 해외영업, 마케팅 등이었는데 업무 관련 경험이 전혀 없어 막막합니다. 제가 일경험을 쌓을 수 있는 기업을 찾아주세요.",job
재무회계 어떻게 커리어를 시작해야할지 모르겠어요,재무회계 부서 취업을 준비하는 취린이입니다. 중소기업 회계팀에 들어가서 점점 더 나은 직장으로 옮기려고 생각중인데 괜찮은 생각일까요? 처음부터 준비를 잘해서 한번에 좋은 직장으로 가는게 낫다고 말하는 분도 계셔서 고민이 됩니다. 기업은 어느 기업으로 가면 좋을지도 알려주세요,job
삼성복지재단에 사회복지사로 취업을 하고 싶어요!! 현직자분 있으신가요?,"사회복지사로 취업을 준비중입니다. 삼성복지재단이나, 현대 아산 복지재단 등 대기업 사회복지사로 취업을 희망하는데 공고도 없고 채용 관련 정보가 찾기가 어렵네요. 제가 원하는 직무의 기업을 어떻게 찾으면 좋을까요? 빨리 일자리 구하고 싶습니다.",job
27살 남자.,전산세무1급이 어려워서 3수하고 있는데 점수가 50점대로 계속 떨어지는데 그냥 포기하고 취업을 하는게 좋을까요? 남자 이 스펙이면 제가 가고싶은 직무는 일반기업 회계인데 들어갈수 있을까 질문해봅니다.,job
23살 취업,현재 자동차 사출 회사 금형팀에서 병역특례로 복무중입니다. 늦었지만 지금부터 준비해보려 여쭤봅니다.. 취업 도전해 볼만한 기업이 있을까요? 제가 갈 수 있는 직무는 무엇이고 일자리는 어떻게 구하면 좋을까요?,job
학사 데이터 분석가로 취직은 어려운가요?,USB를 날려먹어서 자료로 제출할수 있는 것들은 대부분 날라가서 어떻게든 캐글에서 현재 공부하고 있는 부분으로 포트폴리오를 채우려고 하고있습니다.. 제 상황에서 어떤 일자리를 구해야할까요? 인턴도 좋고 중소기업도 좋습니다..,job
30대 중반 건축설계 신입으로 취업가능할까요?,준비해온 공무원시험을 이제 그만두고 원래 꿈이었던 건축설계 분야에 취업을 하고자 합니다. 나이를 극복하고 신입으로 취업이 가능할까요?,job
엔터테인먼트 매니저 취업가능 할까요,"엔터,방송 쪽으로 진로를 결정하게 되었습니다. 경력이 없지만 일경험부터 쌓고 싶습니다.",job
클라우드 취업 고민입니다.,클라우드 관련 직무로 입사하고싶은데 지원하면 면접연락이 오지 않습니다.  계약직이라고 할 곳 없나요?,job
일자리1,빅데이터 분석으로 취업을 하고 싶은데 중소기업 인턴이라고 할 곳 없을까요?,job
일자리2,스포츠 분석하는 직무를 원하고 있습니다. 인턴이나 일자리를 찾아주세요.,job
일자리3,디자인과 기획을 병행하는 직무를 원하고 있습니다. 경력은 조금 있지만 계약직이었고 정규직으로 입사하고 싶습니다.,job
일자리4,휴학 후 인턴을 구하려고 합니다. 일경험을 쌓을 수 있는 좋은 제도를 찾고 싶습니다. 계약직도 괜찮습니다.,job
일자리5,컴퓨터 개발로 직무를 바꾸고 싶은데 저같은 비전공자들이 직무경험을 할 수 있는 곳 있을까요?,job
일자리6,사무직를 원하는데 직무 전환을 원하는 사람들에게 필요한 정책 추천해주세요. ,job
일자리7,사무직이나 연구직으로 일을 하고 싶습니다. 일을 할 만한 기업을 찾아주세요 중소기업도 좋아요.,job
일자리8,반도체 생산직으로 일하고 싶은 취업준비생입니다. 제 스펙으로 들어갈 수 있는 일자리가 있을까요? 어디든 들어가 경력 쌓고 싶습니다.,job
일자리9,중소기업이라도 들어가서 경력을 쌓고 이직하고 싶습니다. 알짜 중소기업 혹은 스타트업을 추천받고 싶어요.,job
일자리10,중소기업에 들어가서 일을 확실하게 배우고 경력을 쌓고 싶습니다. 중소기업 입사를 도와주는 정책을 알려주세요. 계약직이든 정규직이든 좋습니다.,job
일자리11,"농업 기업에서 일하고 싶은 취준생입니다. 기업추천을 받고 싶고, 들어가서 일경험도 쌓아보고 싶습니다! 경력은 없습니다.",job
일자리12,공기업 사무직에 취업하고 싶습니다. 인턴경험은 있습니다. 공기업 취업을 지원해주는 제도를 찾고 있어요. ,job
일자리13,취업 단절 여성을 위한 일자리나 인턴자리를 알고 싶습니다. ,job
관공소 취업 가능할까요?,관공소 지원 업무나 관련 취업을 하고 싶습니다. 코로나로 인해 퇴직을 하여 재취업의 어려움을 겪고 있습니다. 조언이 필요합니다.,consult
나이가 있는데 생신입으로 들어가고 싶네여,임베디드쪽으로 취업하고 싶은데 방향성을 잘 모르겠습니다. 일단 취업을 하고 이직하는게 좋을까여? 고민이 많은 요즘입니다.,consult
대전 동구 시니어(70세 이상) 취업지원센터 정보 요청 드립니다.,노인 취업에 대한 상담요청드립니다. 대전 정보를 원하고 70세 이상의 노인취업을 지원하는 취업카페가 대전(동구)에 어떤 곳이 있는지 알고 싶음.,consult
직업 교육상담 신청합니다,사회복지 관련 걱정이 있습니다. 시니어 보호사를 따고 취업 신청을 하려 합니다. 인정기관이 있을까요? 상담 좀 해주세요.,consult
안녕하세요,창원시에 취업상담을 하는 취업카페나 전기직 관련된 회사 알 수 있는 취업박랍회를 알고 싶어 도움을 청합니다. 조언부탁드립니다.,consult
외국에  취업을 하고싶은데요 .,고민이 있습니다. 무슨 능력을 어떻게 쌓으면 외국에서 취업 할 수 있을까요? 박람회라도 다녀야 할까요? 조언 부탁드려요.,consult
구직 신청 및 직종 문의,울산으로 이사와서 직장 구하는 중인데 도움이 필요합니다. 새로 취업을 하려니 방향성도 안 잡히는게 너무 걱정되네요. 취업카페라도 가볼까요?,consult
장애인인데 몇년째 취업을 못해서요 포기해야 할까요,장애인 취업 상담 좀 해주세요. 청각장애인인데 몇년째 취업을 못해서요. 노력을 해도 안되어서 어쩌면 좋을까요? 장애인 대상 취업컨설팅 해주는 곳도 있나요?,consult
취업상담,코로나때문에 인사정리되어 이직준비중입니다. 6개월정도 취업준비하였는데 취업이 안돼서 고민이 많습니다. 취업카페 가서 상담 받아볼까요?,consult
일자리를 구합니다. 도와 주세요,"항공, 드론, 조종, 정비, 비행 관련해서 취직하고 싶은데 코로나로 걱정이 많습니다. 이 방향성이 맞나 싶기도 합니다. 조언 좀 해주세요",consult
30살 신입으로 취업을 해야하는데 막막하네요,취업 방향성도 못잡겠고 스펙이 없어서 고민이네요. 지자체에서 해보는 컨설팅이나 멘토링이라도 해보는게 좋을까요?,consult
취업진로상담,"진로 관련 고민이 있습니다. 반도체, 제약, 소재 등을 생각 중인데 의견을 듣고 싶습니다. 지원하고 싶은 쪽은 품질, 생산입니다. 현직자 멘토링 가능한 곳 있을까요?",consult
취업과 학업 병행,"형편이 안 좋아서 얼른 취직해야하는데 고민입니다. 사회복지과 사이버대는 어느 곳으로 입학하는게 좋으며, 사회복지는 여러 분야로 나뉘는데 적성에 맞게 어떤 분야로 가면 좋을지 도와주세요. 현직자분이 멘토링이나 상담해주시면 감사하겠습니다.",consult
저와 같은 처지에 있으신 분들 계실까요..?,방향성에 관한 고민이 많아서 상담 신청합니다. 내가 어떤 일과 어떤 분야를 좋아하는 지 도무지 잡히질 않아서 계획마저 못잡고있습니다. 조언 좀 해주세요,consult
"너무 늦은거 같은 취업고민,,",취업준비를 시작하는데 너무 막막해서 걱정이네요. 뭘 해야하는지 방향이 안 잡혀요. 취업박람회라도 가서 둘러보는게 좋을까요 ?,consult
지방대 경영학과 학생입니다.,상담 신청합니다. 구직중이신 분들은 학생 때 무엇을 했으면 하는 후회 같은 게 있나요? 많은 조언 부탁드립니다.,consult
신입 무역사무업 취직을 희망합니다,진로방향성에 대한 고민이 있습니다. 무역은 영어가 중요하다는데 어학관련 공부를 더 해야할까요? 현직자분께 컨설팅이나 멘토링 받아보고 싶습니다.,consult
병원 근무 경력이 없는데 취업해도 괜찮을까요,진로 관련 상담이 필요합니다. 병원 코디네이터에 관심이 있어서 무엇이 필요한지 궁금합니다. 많은 조언 부탁드립니다. 걱정이 많네요.,consult
저 잘한 걸까요?,커리어 관련 고민입니다. 한 회사는 붙었는데 미래에 제 커리어가 안될 것 같아 취소했거든요. 잘 생각한건지 너무 걱정됩니다. 조언해주세요.,consult
취업 잘 할 수 있을까여?,"취업준비 상담입니다. 사기업으로 취직을 생각하고 있습니다. 하고 싶은 직무는 인사, 교육훈련, HRD, HRM인데 준비 잘 하고 있는 거겠죠? 취업카페를 봐도 정보를 얻기가 힘드네요.",consult
계속 취업 준비를 해야하는 건지ㅜㅜ,진로 방향성에 대한 상담입니다. 양장기능사를 따려고 준비중이며 취성패 중이라 무조건 취업을 해야 하거든요. 회사보단 자격증 공부하고 대학(편입)입학해서 커리어 쌓는게 나을까요. 패션업계 선배님들과 고민상담하고 싶습니다.,consult
취업준비는 어떻게 하는건가요,취업준비라고하지만 뭘 해야될지 하나도 모르겠어요. 처음부터 끝까지 케어해주는 취업컨설팅이나 멘토링 같은거 받아보고 싶습니다. 많은 도움 부탁드립니다.,consult
24살 여자 뭘해야할지 막막해요...,취직 고민이 크네요. 취성패나 직업학교도 생각중인데 다들 적성을 어떻게 찾게 되셨나요??고용센터에서 하는 취업컨설팅이라도 해봐야 하나요?,consult
취업 걱정이네요 ㅠㅠ,"취업을 하려고 하는데 낮은학점이 걱정입니다. 다른 스펙을 더 키워야할까요? 충고,조언 부탁드립니다. 걱정이 이만저만이 아닙니다.",consult
"한강갈까요,,",취업하고 싶은데 아무것도 모르겠어요. 걱정만 하는 중입니다. 님들이 저라면 뭐부터 해야하겠어여? 취업박람회나 취업카페라도 가볼까요?,consult
이 나이까지 경력이없으니까 제 자신이 불안합니다,제 능력도 키우고싶고 취업도 하고싶은데 뭐부터 해야할까요? 취업을 먼저하고 제가 하고싶은 일을 배워보는게 나을까요? 고민만 하느라 시간을 버리고 있습니다. 도움 좀 부탁해요.,consult
29살 취업 고민 살려주세요 ㅠ,취업 고민입니다. 공부하면서 취업준비할지 취업 기회 생기면 취업하는게 맞을지 고민입니다. 계속 공부만 하니까 이래도 되나 걱정도 되구요.,consult
25살 호텔 베이커리주방취직 늦었을까요?,스펙이 모자른건지 아니면 나이가 많다고 생각하는건지 모르겠어요. 호텔은 포기하고 개인업장으로 다시 구하는게 좋을까요? 취업 방향성조차 흔들리고 있습니다.,consult
진로에 대해 고민이 들어 질문드려요..!,이직 고민입니다. 빵집이나 카페 점장 쪽으로 직업을 가지게 되면 이 이후에 다른 직종으로 취업하는건 많이 어려울까요?선배님들 많은 조언과 도움 부탁드립니다.,consult
동대문 도매 디자이너로 경력쌓으면 브랜드 디자이너로 이직 가능한가요?,커리어 관련 상담이 필요합니다. 동대문 도매 디자이너로 경력쌓으면 브랜드 디자이너로 이직 가능한가요? 현직자 컨설팅도 받아봤는데 다들 얘기가 다르고..걱정만 늘게 되네요.,consult
취업고민.. 첫단추를 어떻게..,"진로 방향성에 대한 도움이 필요합니다. 제가 관심있는 분야가 무엇인지 어떤일을 해야할지 감이 안잡힙니다. 멘토링이라도 받고 싶네요. 보안, 개발, DB 등에서 어느직군으로 가야할까요? 걱정만 느네요.",consult
30대중후반 취업이 힘드네요,취업하신분들 스펙이나 동종업계 경험으로 가셨는지 궁금합니다. 스펙이라면 어떤 준비가 필요한지 컨설팅이라도 받아볼 생각입니다. 걱정이 너무 되네요. 도움 부탁드립니다.,consult
생산관리/품질관리에 필요한 자격증 및 자격요건이 뭐가 있을까요?,생산관리나 품질관리에 지원을 해도 계속 탈락입니다. 해당 업무 현직자분들의 조언이나 도움이 필요합니다. 멘토링이라도 해주시면 감사하겠습니다.,consult
IT국비학원 취업연계 괜찮나요?,취업 고민입니다. 학원에서 연계시켜주는 곳에 취업하는거 어떤가요? 그냥 스스로 공고 찾아보고 입사지원하는게 훨씬 좋을까요? 취업카페나 박람회도 봤는데 잘 모르겠더라구요,consult
울산 25 특성화고 고졸,"고졸 후에 조선소 일을 하다 퇴사했는데 대기업에 들어가는 건 어떤지, 어떻게 준비하면 좋을지 알고싶어요. 고졸이라 걱정도 되고 취업준비에 고민도 많습니다. 조언 부탁드려요.",consult
24살 패션디자이너 준비중입니다.,진로에 관한 고민이 많습니다. 방향성도 잘 모르겠고요. 포트폴리오도 부족함이 느껴지고 실무 경험도 학교 재학중 프로모션 회사에 다녔던 경험뿐인데 의류 디자이너 준비하기에는 많이 늦었을까요? 걱정만 늘었네요.,consult
29살 대학교 편입학 부적응 및 진로고민 우울증...,"졸업이 코앞인데 적성에 관한 고민이 많습니다. 방향성도 앞 잡히고, 취업도 안되고 진짜 뭘어떻게 해야하는지를 전혀모르겠습니다. 돈도 돈이지만 힘이 전혀안나네요. 많은 도움과 조언 부탁드립니다.",consult
취업이 쉽지 않네요,"스펙 고민이 많습니다. 이력서 적는것도, 자소서 적는 것도 뭐하나 내세울 게 없어서 이력서 넣어도 연락이 안오는거 같습니다. 취업컨설팅이나 멘토링이라도 받아볼까요? 해보신 분 있으세요? 상담 좀 해주세요.",consult
관련학과 졸업 유무가 취업에 영향이 많이 클까요?,취업 관련 상담이 필요합니다. 진로는 환경법을 다루는 쪽으로 가고싶습니다. 환경안전 같은 분야요. 관련학과 졸업이 아니라면 취업이 많이 어려울까요? 현직자분들께 멘토링 받고 싶습니다. 조언 좀 해주세요. 고민이네요.,consult
뭘 하고 싶은지 모르겠어요...,진로 방향성도 못 잡겠습니다. 어느 분야로 취업을 할지 결정하지 못하고 졸업했습니다. 취업박람회라도 가서 상담 받아볼까요? 고용센터 라도 가볼까요?,consult
취업준비중인 웹디자이너.퍼블리셔는어떤가요?,커리어 고민이 많은 요즘입니다. 웹디자이너가 수명이 짧나요? 만약 오래 하고싶으면 어떤 공부 혹은 배워야 할 부분이 있을까요? 현직자분들 많은 조언과 도움 부탁드려요. 멘토링이라도 해주시면 너무 감사하겠습니다.,consult
27살 가진거라고는 토익밖에 없습니다.,"선택지가 둘 있는데 너무 고민됩니다. 기사를 준비하여 원래 가고싶던 전기공사, 플랜트공사 쪽으로 밀고 나갈지,아니면 좋은 기회가 온 지금 계약직 이라도 어서 공백기를 매꿔야할지 고민이네요. 선배님들 도움 좀 주세요.",consult
웹디자인과 편집디자인,방향성에 대한 고민이 생겼습니다. 웹디자인을 준비중인데 쇼핑몰이나 편집디자인으로 갈까 생각중입니다. 쇼핑몰 편집디자인 쪽 괜찮을까요? 고민만 되고 답이 안 나오네요. 조언 좀 부탁드려요,consult
자동차정비 전공으로 공고 졸업하고 21살에 군전역하고 이제 앞으로 뭘해야될지..,취업 고민이 너무 크네요. 자동차정비기능사 하나로 뭘 해야 될지 잘모르겠어요. 취업컨설팅이라도 받아보고 싶습니다. 취업카페가면 해주나요?,consult
취업 관련 고민이 너무 많습니다...,진로에 대해 고민이 생겼습니다. 출판계에 흥미가 있어서 이런 쪽으로 인턴이나 근무 경험이 있어서 이번 공채에 넣어보려고 합니다 평소에 이런 콘텐츠 쪽에 관심이 많아서 포트폴리오도 있고요. 지금이라도 미련 버리고 공기업 맞춰서 준비하는 게 나을까요? 저같은 분들 도움 및 조언 부탁드립니다. 걱정이 많이 되네요.,consult
뭘 해야할지 모르겠어요..,"취업 고민이 있습니다.아직 어느쪽으로 취업을 준비해야할지 감이 안잡혀서 방황하고있습니다. lg화학에 Ts&d나 생산기술쪽으로 가보고싶다는 마음이 들었으나 제 스펙으론 한없이 부족할것같습니다..아니면 한국가스공사, 가스안전공사, 수자원공사도 생각중인데 어떻게 준비할지 조언이나 도움이 필요합니다.",consult
취업또는 산업기능요원을 목적으로 하고있습니다.,진로 상담 좀 해주세요. 전기기능사를 취득하려고 공부중인데요. 면접 근처도 갈 자신이 없어서 이를 대신할만한 플러스 요인들과 다른 필요한 것들이 있으면 조언좀 부탁드리겠습니다. 고민이 많습니다.,consult
4학년 막학긴데 취업준비가 너무 늦었습니다...,이제 막학기라 취업에 대해 더욱 걱정만 늘어갑니다. 아직 어딜 가고싶은지도 확실히 정하지 못해 방향성도 모르겠어요. 적성을 좀 알고 싶은데 취업컨설팅 받아보고 싶습니다.,consult
퇴사했는데 쉬는게 너무 두려워요...,퇴사 후 너무 불안하고 걱정입니다. 공부는 이것저것 하느데 취업시 우대가 있는지도 모르겠고 현직자분들한테 멘토링이라도 받아서 점검받고 싶습니다. 조언 부탁드립니다.,consult
데이터분석 취업고민,취업이 너무 걱정입니다. 진로는 자연어처리쪽으로 생각중이구요. 대졸도 아니고 공모전이나 대회수상도 없이 취업할수있을까요. 분석 현직에 계신분들 좀 도와주세요. 고민만 쌓이네여. 취업박람회라도 가볼까요,consult
막막하네요..,디자인으로 취집하고 싶은데 상담 좀 해주세요. 채용공고 보고 연락해도 연락오는 기업이 없네요. 디자인 취업은 포트폴리오 중요하다는 걸 아는데 너무 어렵습니다. 디자인 현직분들 좀 도와주세요. 도움이 절실합니다.,consult
면접근무지역 장애인,장애인 취업 고민이 있습니다. 지적장애3급이고요. 몸이 불편하거나 듣기가 등등 불편하지는 않습니다. 제가 잘할수있는게 청소뿐입니다. 그래서 면접을 보고싶은데 제가 장애라서 뽑을수 있는지 의문이네요. 걱정이 많습니다. 도움이 필요해요.,consult
장애인 대기업 생산직 채용 제발 도와주세요,"장애인 채용 상담 부탁해요. 시력 장애의 사유로 5급 면제를 받은 상황이고, 한쪽 눈은 글씨는 잘 보이지 않지만 주변 환경은 다 보이고반대쪽 눈은 교정시력이 0.8~1.0정도 나옵니다. 채용공고에 보면 법적으로 장애인우대 한다고 나와있는데 시력장애등급을 받으면 우대사항이 될 수 있을까요? 못들어갈까봐 너무 걱정입니다. 인사 현직자분들 조언 부탁드립니다.",consult
안녕하세요 물어볼게 있어서 질문글 남겨봅니다.,장애인이라 취업이 걱정입니다. 사회적응력이 많이 부족한 장애인데 기업마다 특별 전형채용이 있다던데 어디서 물어봐야 하나요. 매일 걱정만 합니다. 취업카페에도 글 써도 답이 없네요.,consult
취업고민상담,취업 고민이 많습니다. 상담을 받을만한 곳이 어디있을까요?? 현실적으로 무엇을 해야 되는지 모르겠어서 너무 힘이드네요.. 고용노동부쪽 가면 상담이나 알선 같은걸 해주나여? 지금 열리는 취업박람회라도 알려주세요.,consult
늦은 나이 아르바이트 및 취업 고민,"진로 방향성에 대한 고민이 많습니다. 어디에 취업해야 할지는 감도 잡히지 않아요. 전문성, 젊은 나이 등 뭐 하나 갖춰진 게 없어 눈 앞이 캄캄하기만 합니다. 많은 조언과 도움 부탁드립니다.",consult
청년취업아카데미와 취업성공패키지,취업과 관련해 고민이 많은데 주위에 어떤 분이 취업을 지원해주는 프로그램이 있다고 신청해보라고 하시더라구요. 어떻게 신청하고 어떻게 취업이 되는건가요? 그리고 알아보니 취업성공패키지라는 것도 있던데 그건 어떻게 하는건가요? 조언 좀 해주세요.,consult
"청년장병도 진로 및 취, 창업 지원프로그램이 있나요?","취업 고민입니다. 청년장병도 진로 및 취, 창업 지원프로그램이 있나요? 궁금합니다. 상담 받아보고 싶습니다.",consult
93년생 26살 초대졸 청년입니다.,직업선택에 있어 고민이 되고 힘듭니다. 질문은 직업을 선택하는데 좋은 방법이있을까요? 적성검사도 받아보고 책도읽었지만 이거다한게 없네요 오래도록 일하고 안정을 찾고싶습니다. 평생토록 일할수 있는 직장 찾는 노하우 같은것이 있다면 알려주세요. 취업 컨설팅 같은거 받으면 알 수 있나요?,consult
20대 취업 직업.!,직업 고민이 있습니다. 해외로 돌아다니면서 사람을 만날수있는 직업이 무엇이 있을까요?? 취업박람회 같은데 가면 알 수 있나요?,consult
20대 진로 직업 취업 뭐해먹고 살죠..,방향성에 대해 고민이 많습니다. 취업해야하는데.. 뭘 할수잇을지.. 뭘해야할지 막막하네요. 어떻게 해야할지 모르겟어요 제가 뭘 할수잇을까요?? 걱정먼 늡니다. 조언 부탁해요.,consult
"20대후반 국비로 자격증,취업..?",재취업 관련 상담입니다. 타지에서 혼자 생활하고 있어서 피부로 다시 뛰어들지 고민입니다. 경리 같이 너무 한계는 없었으면하는 바램입니다. 취업카페나 고용센터가면 상담해주나요?,consult
이력서 작성법에 대하여 상담신청하는 바 입니다.,취업 전 자기소개서 및 이력서 작성 방법을 신청합니다.,interview
진로결정을 잘못하겠습니다. 도와주세요..,"진로선택을 못하겠습니다. 방향성이 안 잡힙니다. 정착하기 위해 지금부터 준비해야 할것등 고민이 너무 많습니다. 외국에서 취직을 해야한다면 취업비자를 받을수 있는 방법, 지금부터 무엇을 준비해야 하는지 알고싶습니다. 외국에서 일하시는 분들 많은 도움 부탁드립니다.",consult
6개월이 넘은 재직기간 중에 급여 연체 발생-기다려야 하나요?,월급 관련 고민이 있습니다. 사장의 힘으로 나오는 돈이 아니라서 수동적을 기다릴 수 밖에 없는 상황이라 언제까지 기다려야 하나 고민입니다. 선배님들은 어떻게 생각하세요? 조언 좀 부탁드립니다.,consult
실직후...,하고싶은 일은 있는데 집에서는 무시와 무능력함만 탓하고 점점 자신감도 떨어지면서 어떻게해야될지 모르겠습니다. 답답하고 막막하기만 합니다. 도움이 필요합니다.,consult
생산직자격증문의..,진로 방향성에 대한 고민입니다. 뭐부터 해야할지몰라서 글을씁니다. 취업박람회도 돌아다녀 볼까요? 도움이 필요합니다.,consult
목표가 없습니다.,"직업상담을 전문가와 직접 만나서 상의 하고 싶은데, 방법이 있나요? 취업컨설팅이나 멘토링 같은거요.",consult
단순 생산직에 관해 질문있습니다,현재 제가 가고싶은 확고한 분야가 없다보니 단순 조립이나 단순 생산쪽은 경력에 도움이 안되는지 별로인지 궁금합니다. 걱정만 느는 요즘입니다. 조언 좀 해주세요.,consult
24살 취준생입니다.,아직도 진로에 대한 방향성을 못 잡았어요. 지원은 넣어두고 기다리고 있는데 될지 모르겠습니다. 조언 좀 해주세요. 취업컨설팅이라도 받아보고 싶네요.,consult
재취업에 대해서,재취업 관련 상담입니다. 개발자로 일하다 퇴사했는데 다시 들어갈수 있을지 의문입니다.. 포트폴리오가 완전히 끝내지를 못하겠어서 처음에 회사를 잘못들어간것같습니다. 개발자 취업박람회라도 돌아다녀볼까요? 조언해주세요.,consult
사회복지직에서 회계 사무직 변경,사회복지사로 다른 직무로 바꿀까 마음이 드는 취준생입니다. 어떻게 하면 좋을까요? 상담 좀 해주세요. 혹시 사회복지사에서 직무를 변경해서 근무중이신 분들있으신가요? 많은 조언 바랍니다.,consult
조리계통이신분들은 어딜가시나요,"취업 관련 고민입니다. 제과제빵쪽으로 가고 싶어서 자리를 알아보는중인데 개인 가게나 그런 곳에가서 일하는 것도 나쁘진 않은가요. 최종적으론 나중에 창업이 목표이긴한데, 그것도 돈이 있어야 하는거니까 이래저래 고민이 많네요. 도움이 필요합니다.",consult
퇴사하고 2년 후 취업 준비 중 왜이리 안 풀릴까요?,세무사사무실에서 1년 조금 더 일을 하고 퇴사한 후 지원한 곳은 다 박봉이고 멀고 그래서 다시 생각해보고 안가게 되고 고민이네요. 뭘 할지 방향성도 안 잡힙니다. 조언 해주세요.,consult
"전기기사, 전기공사기사, 워드, 컴활2급 있는데 뭘 하면 좋을까요...",현재는 설계쪽으로 지원하고 있는데요. 어떤 쪽으로 나아가면 좋을지 잘 모르겠더라고요. 방향성을 어떻게 잡을까요? 취업카페나 고용센터 가서 컨설팅 받으면 되나요?,consult
mct와 플라스틱 사출 조건 잡는 직업 중에 고민입니다,이직 고민입니다. 사출과 mct 중에 비전은 뭐가 괜찮은지 연봉은 어떻게 되는지 궁금해서 질문드립니다. 이걸 일주일째 고민중이고 막상 손대기에 겁이 나네요. 앞으로의 방향성도 중요하구요. 도움이 필요해요.,consult
공인중개사,"부동산 임대업을 목표로하고 있습니다. 3~6개월동안 자격증 없이 소공으로 일을 해보는게 좋을까요?  그래도 일을 해보면서 적성에 맞으면 공부를 할거고 경매나 신축, 재건축에도 도전해보고 싶습니다. 현업에 계신 분이 있으시다면 멘토링이나 취업컨설팅 해주시면 감사하겠습니다.",consult
26살 조향사가 꿈인 사회 초년생입니다.,향수회사에 취직하고싶어요. 화장품 회사에 입사하게 되어 현재 일한지 일주일가량 됐습니다. 화장품이기도하고 이 회사에서 디퓨저나 섬유향수등도 만들어서 도움이 될것 같아서 일을하고있지만 확신이 서질 않습니다. 취직에 조급해진 마음도 있어서 일을 선택했는데 도움이 될까요? 커리어 방향이 정해지는 일이라 고민이 많이 됩니다.,consult
승무원양성학원,승무원양성학원에 지원중인데 취업이 쉽지는않네요. 무얼 준비해야할지 막막합니다. 국내 항공사 2년 경력과 호텔경력이 있지만 서비스 업계 경력만으로는 취업이 어렵나봐요. 현직자분들 도움 좀 주세요. 걱정만 하고 있습니다. ,consult
25살 물류업계로 취업하고 싶습니다.,중견물류기업을 희망하고 있어요. 현실적으로 봤을때 지금 이 상태로도 취업이 가능한가요? 뭘 해야할지 모르겠어요. 취업카페에서 정보를 좀 얻어볼까요?,consult
공기업 취업준비 중입니다.,공기업을 목표로 준비 중인데 자기소개서 첨삭과 면접 준비 도와주실 수 있는지 궁금합니다. 이력서도 점검 받고 싶습니다.,interview
면접에 대해 상담신청합니다.,이번 면접을 보러가게 되므로써 면접에 대해 조금더 알아보기 위해 글 남깁니다. 면접스킬이란 것도 있을까요?,interview
취업하기 너무 힘들어요,면접은 자주 보지만 정작 합격은 못하고 있어요. 또한 면접에서 공격적인 질문을 자주 받아서 멘탈이나 감정이 나빠지는 경우가 다 반사입니다.해야하는 이야기와 해야하지 말지 말아야 할 이야기는 구별해서 질문하지 않더라구요. 면접스킬을 좀 배우고 싶어요.,interview
자존감과 우울감이 몰려드네여,"정말 가고싶었던 기업에서 면접제의가 와서 면접을 진행하였지만, 탈락하고 말았네요. ai면접이 문제였던거 같은데 ai면접 연습할 수 있는 방법 있나요?",interview
그룹 면접시 자기소개 시간,그룹 면접을 볼 때 자기소개 질문에 대한 응답 시간이 1분 이내여야 하나요? 준비한 자기소개를 시간 재보니 1분 7초가 나오는데 줄여야 하나 싶어 여쭈어봅니다. 다른 질문들도 가능하면 물어보고 싶습니다.,interview
이직준비중인데,이직시 왜 6개월만 근무 하였냐는 질문에는 뭐라고 답변하는게 좋나요? 자기소개서에는 좀 거짓으로 속여서 면접에선 솔직하게 말하면 안 되겠죠?,interview
면접 장단점 질문,"자소서에 장단점을 이미 기재한 경우, 면접 때 장단점이 무엇이냐는 질문은 안 받을 확률이 높을까요?",interview
취준하면서 이렇게 까지 살아야하나 싶어요..,서류까지는 붙는다고 해도 면접에서 자꾸 떨어지네요.. 모의면접을 좀 봐서 면접스킬을 늘리고 싶습니다.,interview
면접 때문에 너무 지쳐요...,서류는 한번 싹 갈아엎었더니 대부분 통과하더라구요 그런데 면접은 보는 족족 떨어지고 있어요. 긴장도 많이 하는 편이고 말도 매끄럽게 잘 하지 못해서 늘 면접이 어렵더라구요 정장과 구두 신고 면접 보러 다니는 것도 그만하고 싶고. 면접스킬 늘리는 방법 좀 없을까요?,interview
23살에 무스펙에 면접에서 떨어지는건 어쩔수 없는걸까요...ㅠㅠ,면접에서 떨어지는건 어쩔수 없는걸까요. 이력서랑 자소서 써서 괜찮은 호텔들로 지원서 넣고 기다리면 서류합격은 대부분 되는데 막상 면접을 보고 오면 최종결과는 불합격 통보네요. 모의면접으로 역량이라도 높이고 싶습니다. 연습할 수 있나요?,interview
면접 고민,패션쪽 디자이너 취업 준비생입니다. 이력서를 정말 많이넣었고 다양한 면접기회가있었지만 항상 중견기업에서 서류가 합격되었습니다. 제 고민은 면접을 가면 최종까지 가더라도 계속 떨어진다는 점입니다. 어떠한 점을 보완해서 준비해나가야하는지 막막합니다. 모의면접이라도 보고 싶은데 가능한가요?,interview
면접,취업면접이 처음이라서요ㅠㅠ보통 어떤 질문하는지 알려주세요!! 무슨 준비를 해야될지 모르겠어서요ㅠㅠ 미리 연습해가고 싶어요.,interview
면접 준비...다들 어떻게 하시나요??,"자기소개서랑 포트폴리오를 준비하여서 열심히 서류전형 준비를 하였고, 감사하게도 면접을 볼 기회가 주어졌습니다. 다만, 면접 경험이 많이 없던 지라 준비를 어떻게 해야할지 감이 거의 안잡힙니다.스스로 예상 질문들을 적어 답변들을 준비는 하였는데, 유꼬리에 꼬리를 무는 질문들을 어떻게 대처해야할지 난감한 상황입니다. 혹시 면접 준비 팁이 있을까요??",interview
신입 1분자기소개,면접가면 1분자기소개를 하던데 제가 경험도 없는데 뭐와 연관시킬지 모르겠네요. 어떻게 구성하면 좋을까요? 연습할 방법이 따로 있나요?,interview
면접 실패의 충격으로 취업하기가 힘들어요.,"여러곳에 이력서를 내고, 면접도 수차례 봤는데 이력서는 통과됐지만, 면접에서 번번이 불합격했습니다. 모의면접에서는 잘했는데 실전에서 안 됩니다. 연습하면 될까요? 어떻게 하면 면접에서 좋은 결과를 얻을 수 있을까요 ?",interview
면접 준비 혼자하려니까 좀 막막한데 조언좀 부탁드려요,면접 준비를 주변에 도와줄사람이 없습니다 예상질문 답변은 작성을 해놓은 상태입니다. 모의면접 도와주실 분 없나요?,interview
안녕하십니까 이번에 한진 화상 면접준비를 하고있습니다,곧 ai화상면접을 진행 하게 됩니다!!  혹시 ai면접 경험자분이나 면접 봐보신분 계시면 조언이나 팁좀 얻고 싶습니다,interview
민규인터뷰1,취업준비 시작했는데 너무 어렵네요. 자기소개서 작성은 어떻게 시작하면 좋나요? 면접스킬이 따로 있나요?,interview
민규인터뷰2,프로젝트 경험은 많은데 자기소개서에 녹여내질 못하겠습니다. 이력서 작성은 어떻게 하나요?,interview
민규인터뷰3,서류통과는 곧잘 하는데 면접만 가면 탈락입니다. 너무 긴장돼서 준비한 것도 다 까먹게 되네요. 모의면접이라도 해봐야 적응할까요? 역시 연습만이 답인가요?,interview
민규인터뷰4,기술면접만 가면 버벅거리다 떨어집니다. 분명 아는데 설명을 못하겠어요. 면접스킬을 좀 배우고 싶습니다.,interview
민규인터뷰5,다음주에 처음으로 면접을 보러 가는데 정장 한 번 입을거 사기가 좀 그런데 빌릴 곳이 없나요? 구두나 넥타이도 마찬가지구요.,interview
민규인터뷰6,1년차 취준생인데요. 벌써 최종면접에서만 3번째 떨어졌습니다. 뭐가 문제일까요. 최종이면 다른 지원자들 스펙도 비슷하다고 생각했는데 계속 떨어지니 고민입니다. 면접스킬에 문제인지 제 역량의 문제인지 모르겠어요.,interview
민규인터뷰7,면접을 처음 보러가는데 정장은 집에 있는데 마땅한 구두가 없네요. 평소에 잘 신지도 않아서 사기는 그렇고 대여할 곳이 있나요?,interview
민규인터뷰8,"친구한테 들어보니 면접수당이라는게 있다던데 아무나 받을 수 있나여? 헤어, 메이크업 비용도 받을 수 있나요?",interview
민규인터뷰9,친구들이랑 자기소개서 첨삭을 같이 해봤는데 좀 더 전문적으로 연습할 방법 없을까요?,interview
민규인터뷰10,취업준비생인데 이력서랑 자기소개서를 어떻게 시작해야할지 모르겠습니다. 코로나때문에 학교도 안 가서 선생님께 물어보기도 어렵네요.,interview
민규인터뷰11,취업 준비하면서 화상면접을 기다리는 중인데 영어로 면접은 처음이라 너무 긴장됩니다. 영어모의면접 받아볼 수 있나요?,interview
민규인터뷰12,흔히 말하는 경력단절여성입니다. 재취업준비중인데 너무 오래전이라 면접을 어떻게 준비하는지 잊어버렸네요. 요즘 경력단절여성 관련 정책 많던데 면접 연습할 수 있는 정책도 있을까요?,interview
민규인터뷰13,코로나로 인해 AI면접이 생기면서 도저히 익숙해지지가 않네요. 어떻게 해야할까요? AI면접에 어떤 질문이 나오는지 알고 싶습니다.,interview
민규인터뷰14,온라인 면접이 늘어나면서 처음 해보는 유형에 매번 긴장해서 망치네요...어떻게 적응할 수 있을까요? 면접스킬을 향상시킬 수 있는 방법 없나요?,interview
민규인터뷰15,대기업에 이력서 제출하고 서류 합격까지는 했는데 면접이 남았네요. 그래서 현직자랑 면접 연습을 해보고 싶은데요. 현직자 멘토링 같은거 받을 수 있는 법 없을까요?,interview
민규인터뷰16,면접 스터디를 통해 역량검사도 하고 면접스킬 향상을 위해 연습하고 있습니다. 매번 스터디룸 구하는게 경제적으로 부담이 돼서 무료 대여할 수 있는 공간이 없을까요?,interview
민규인터뷰17,모의면접을 보고 싶습니다. 취업사이트에서 하는건 유료라 그럴 형편은 안되고 무료로 해볼 수 있는 방법 없나요? 열심히 면접 연습해서 한 번에 합격하고 싶습니다,interview
민규인터뷰18,취업준비 시작했는데 교내나 나라에서 취업사진을 찍어준다고 해서 알아보려고 질문드립니다. 사진관에서 넥타디오 빌려주면 좋겠습니다.,interview
민규인터뷰19,생애 첫 면접을 앞두고 정장은 있는데 넥타이가 없는데 앞으로 몇 번 안 쓸거 같아서 사기가 그렇네요. 혹시 넥타이도 대여가능한가요?,interview
민규인터뷰20,면접볼 때 헤어 메이크업 꼭 필요할까요? 주변에 보니까 가격이 꽤 나가던데 부담스러워서..꼭 해야하는지 궁금합니다.,interview
민규인터뷰21,"자기소개서 작성이 너무 어렵습니다. 혹시 현직자나 선배님과 같이 이력서, 서류 작성 연습하고 첨삭 같은거 받을 수 있는 방법이 있을까요?",interview
민규인터뷰22,바로 취업준비하는데 너무 어렵습니다. 면접스킬 같은거 좀 배울 수 있는 방법 없나요? 특히 ai면접이 어려워서 연습을 많이 해보고 싶습니다.,interview
민규인터뷰23,면접 갔다오면 교통비며 식비며 정장도 빌리고 메이크업도 해야 해서 부담이 되네요. 면접 관련 지원해주는 정책없나요?,interview
민규인터뷰24,2번째 AI면접이나 역량검사에서 떨어집니다. 결과가 눈에 보이는 시험도 아니라서 뭐가 문제인지 모르겠습니다.,interview
민규인터뷰25,"취업하려고 하니 제약이 많네요. 서류나 이력서, 자기소개서, 면접 모두 처음인데 어떻게 준비해야 하나요. 도움을 받고 싶습니다.",interview
민규인터뷰26,취업준비중인데 영어 면접이 너무 긴장되고 어렵습니다. 영어 면접도 도움을 받을 수 있을까요? 서류는 통과했는데 면접스킬이 부족하네요.,interview
면접비 질문합니다.,혹시 면접비를 받을 수 있는 방법이 있나요?  채용하는 쪽에서 면접비 지급안되면 고용센터같은 곳에서 지급받을 수 있는 방법이 있는지도 알려주세요. 면접 때문에 정장 넥타이 구두까지 구매하느라 면접비라도 받아야겠습니다.,interview
면접 갈때 입을 정장 대여 해주는곳 있나요?,면접을 앞두고 있는데 아직 정장 살돈이 안돼서요.. 대여해서 면접을 좀 봐야할것같은데 어디 빌릴곳 있나요? 헤어랑 메이크업도 해주는 곳이면 좋겠습니다.,interview
24시간 면접 헤어 추천,면접 관련 여자 헤어 24시간 해주는곳 있나요 면접이 08시부터 시작이라 새벽에 받아야하는데ㅠ 제가 메이크업도 서툴러서 메이크업까지 해주는 곳 있으면 알려주세요,interview
면접 사진이 필요합니다,면접용 취업사진이 없는데 저렴하게 찍을 수 있는 방법 있나요? ,interview
AI면접,요즘은 기업에서 AI면접 많이 본다고 하던데 어떻게 진행되는건지 궁금하고 연습을 좀 해보고싶은데 어떻게 하면 될까요?,interview
해외취업을 앞두고 있는데,이력서 제출하고 서류 합격까지 한 상태입니다. 해외 면접은 국내랑은 다를 것 같은데 면접 도와주실 수 있나요?,interview
취준생입니다,취준생입니다. 곧 면접이라서 정장은 구매 했는데 구두가 없네요 저렴하게 대여하거나 무료로 구두 대여해주는 곳 소개 부탁드립니다~,interview
취업 면접 정장 구입 때문에 고민입니다.,"곧 면접인데 정장이 없습니다. 기업마다 원하는 정장 스타일이 있을 테니 면접 볼때 여쭤보라고 하더라고요. 잠깐 면접볼 때만 입을 수 있게 정장, 넥타이, 구두 대여해주는 곳 알려주세요 ",interview
면접용 양복,정장 하루만 면접볼 때 입을건데 빌려주는곳 있나요?,interview
면접 메이크업 추천,제가 이번에 중요한 면접이 있어서 그러는데요~  면접 메이크업 추천해주세요. ,interview
남자 면접 헤어스타일,면접보러가는데 남자 헤어스타일 어떻게 해야되나요?? 이대로 면접 보러가면 안될것 같은데 머리 손질하기 어렵네요. 메이크업도 해야하겠죠?,interview
면접 스터디 공간,면접 스터디를 할만한 공간이 없네요. 스터디룸 공간 대여나 대여비 지원해 주는 정책 있나요? 면접 스터디하면서 면접스킬이 많이 늘어서 계속 연습하고 싶습니다. ,interview
해외취업에 대해,"해외로 취직하고 싶은데요. 영문 이력서, 자기소개서부터 영어 면접 연습까지 도와주는 제도 있나요?",interview
취준생인데요,면접 기회가 생겼어요. 막 갖춰입지는 않아도 될 것 같은데 그래도 정장 입어야겠죠? 정장이랑 구두 대여해주는 곳 있으면 알려주세요. 아니면 대여비라도,interview
곧 면접인데요,곧 AI면접을 보는데 제노트북에 캠이 안달려있거든요. AI면접 장비같은거 제공해주는곳 있나요? AI면접 연습할 수 있는 곳도 있으면 알려주세요.,interview
취업준비 모의면접,곧 면접을 보게 됐습니다. 제가 좀 많이 떠는 편이라서 모의면접으로 연습을좀 하고 싶은데요~ 모의면접을 도와주는 곳은 없나요? 모의면접도와주고 피드백해줄수 있는곳이나 사이트 알고 계시면 추천해주세요 ,interview
동행면접 ,제가 자기소개서는 잘 써서 서류 통과는 쉬운데 면접을 진짜 어려워하거든요.  요새 동행면접이라는것도 있다던데 어떤 건지 자세한 설명 부탁드립니다,interview
시민기록가 양성교육과정 이수 및 수료 관련분야 취업 전망 은 어떠한지 취업가능한 곳은 어디인지 궁금해요 ?,지방자치단체 시민기록가 양성교육 과정 하고 있다고 하던데 본 교육 과정 수강 후 취업처 어디지인지 궁금하고요 취업은어떠 한지 궁금합니다..,edu
"직장인인데,  국비 지원 받아서, 배울수 있는 방법이 있을까요?","국비 지원 받아서, 다른 분야를 배워서 이직을 준비하려합니다. 직장인 국비 지원 학원 다니는 방법을 알수 있을까요?",edu
취업 및 창업 도전,창업교육이라던지 구직 교육 프로그램을 알고 싶습니다. 능력향상해서 어디든 들어가고 싶습니다. ,edu
직업 훈련,국비무료직업훈련을 받고 싶은데 차비 조차 없습니다.  그래서 기숙사가 제공되는 직업 교육 훈련을 받고 싶습니다. 자동차 정비 와 쇼핑몰 그리고 건축설계 와 회계 관련 직업훈련을 받고 싶은데 어디 없을까요?,edu
최종학력 고등학교 졸업,우연히 '청년취업아카데미'를 알게 되어서 정보를 알아보니 능력향상 위주의 실무 교육을 제공하고 국비 지원이라는 것을 알게 되었습니다. 어떻게 신청하면 되나요?,edu
직업관련 상담요청입니다.,내일배움카드로 국비 학원 다니면서 R프로그램으로 하는 빅데이터를 배워볼까 생각 중이기도 합니다. 교육생으로서 수강하다보면 전문적 능력향상 가능하겠죠?,edu
무료 교육 관련,무료 직업 국비 교육을 희망 합니다. 지역 상관없이 신재생에너지(태양광) 분야에 취업희망 하는데요. 관련 수업을 받고 싶은데 너무 복잡하네요,edu
K-move,K-move 사업에 대해 알게 되었는데 무엇인지 알고 싶습니다! 내일배움카드로 진행되는 것 같은데 강의 듣다보면 취업을 할 수 있을까요?',edu
지역내 취업으로 인한 상담 부탁드립니다.,저의 능력향상할 수 있는 교육과 강의를 수강하고 싶습니다. 국비로 진행되면 좋겠고 자격증도 함께 취득하면 좋겠습니다.,edu
"이직, 내가 하고싶은 일",이직을 위해 국비 지원 학원 다니면서 자격증도 따고 수업을 통해서 능력향상도 하고싶습니다. 내일배움카드 발급받으면 되나요? ,edu
고졸 세무사 잘할수있을까요,아무리 자격증 취득했다고 해도 우리나라는 학력을 많이 따지잖아요? 학력이 좀 부족해서 교육과 강의로 채우려고 합니다. 도와주세요,edu
구매직 스펙이 궁금합니다.. ㅠㅠ,국비 지원 학원 교육생으로서 빅데이터를 수강하고 있습니다. 자격증을 아무리 따도 능력향상과는 거리가 먼 것 같아요. 어떤 교육을 더 받아야 할까요?,edu
26살 취직..,취업해야 하는데 자격증이 많이 부족합니다. 컴퓨터 관련 학원 다니면서 수업 듣고싶어요.,edu
진짜 막막해요ㅠㅠ,국비 지원 교육 받으려면 내일배움카드를 발급받아야 한다던데 자세한 내용 알려주세요. ,edu
사무직 취업,제가 기본적인 엑셀이나 워드를 잘 모르는데 학원 다니면서 수업 듣고 자격증 따고싶습니다. 국비로 지원되면 좋겠어요.,edu
쇼핑몰 취업,쇼핑몰에서 업무 상관없이 입사해서 일하고 싶은데 자격증 어떤게 필요 할까요? 쇼핑몰 관련 교육 강의 수업 학원 등등 있으면 다 알려주세요. ,edu
디자이너 취업,디자이너로 취업할려면 꼭 디자인 자격증이 필요하나요? 우선 지금은 국비 교육으로 학원 다니면서 능력향상 하고 있습니다. 교육생 중에서는 우수한 편이에요,edu
취업을 못하겠습니다...,자격증을 취득하기엔 아직 부족한 것 같아요. 자격증 취득 지원 교육 있으면 학원 다니면서 능력향상 하고싶습니다. ,edu
나이..29인데요..곧30,카페 알바하면서 이쪽 일에 관심이 생겼어요. 요즘 국비 지원으로 카페쪽 교육해주는 학원 있다던데 알려주세요.,edu
생신입  취업,교육생으로 교육 받으면서 자격증 따서 바로 취직하고 싶습니다.,edu
취업이너무안되요.... 회계쪽지원했는데,경리 업무 하려고 하는데 자격증 필요한가요? 자격증 필요하다면 학원 다니는게 좋겠죠? 수강할만한 수업 있으면 추천해주세요,edu
내일배움카드 시각디자인과정…,내일배움카드로 시각디자인 강의 신청했는데 과연 비전공자인 제가 학원 몇개월 다녀서 취업이 가능할까요?,edu
지게차운전,지게차 자격증은 취득했는데 강의를 더 듣고 능력향상 하고싶습니다. 관련 학원 있나요?,edu
경리 혹은 총무로 입사하고 싶은데 뭘 더 준비해야 할까요?,"제가 부족한 것 같아 다른 자격증을 준비해볼까 하는데요, 어떤 자격증을 준비해야 할까요? 국비로 교육받을 수 있는 자격증 추천해주세요",edu
사무직,자격증을 통해서 취업하고싶은데  자격증만으로 취업이 가능할까요? 국비 강의 알려주세요. 내일배움카드도 발급받았습니다.,edu
"28살, 다시 공부를 해야될지 경력을 계속 쌓아야될지 고민입니다.",영상쪽이나 웹디쪽 국비 학원 다니면서 수업 듣고 교육생 중에 상위권이면 취업 가능하겠죠?,edu
취업준비 고민,"재무, 회계 쪽으로 가려는데 경험이 부족하고 자격증으로 채워보려고 합니다. 괜찮은 학원이나 강의 있나요?",edu
고졸인데 학원다녀서 포트폴리오 잘 만들면 취업 가능해요?,"디자인 국비 교육, 강의 등을 수강하고 싶은데 국비 지원으로 포폴 잘 만들면 가능할까요?",edu
사무직 쪽으로 나아가기 위해서는 어떤것이 필요하나요?,"내일배움카드 발급받아서 교육 받고 총무 지원하고자 하는데, 자격증은 어떤 것이 필요할까요? 자격증 지원해주는 학원 알려주세요",edu
장애인고용업무에 장애인인 저도 지원가능하며 초보면..교육도 가능한건가요??,"지금 많이 부족한 상태인데 혹시 관련 교육, 강의, 수업 등을 상사분들께 아니면 학원 등이 있을지요?",edu
취업하기 진짜 힘드네요,인테리어 디자이너가 되고싶은데 꼭 자격증이 있어야 하는 거고 또 장애인이면 불가한 건가요? 디자인 관련 학원 교육생이 되면 열심히 할 자신 있습니다.,edu
컴공 졸업 후 IT 학원 등 취업고민,국비지원 IT 학원을 가볼까 하는데 강의 질이 어떤지 궁금하고 수업에 참여하려면 내일배움카드 꼭 발급받아야 하나요?,edu
취업 고민중.,정보통신쪽 취업을 해볼까 합니다 다시 배운다는 마음으로 내일배움카드 발급받고 학원 다니면서 자격증 따면 괜찮겠죠? ,edu
20대 후반 취업고민,게임 그래픽 관련 국비 교육 받으면서 취업하려고 하는 취준생입니다. 교육생으로서 열심히 수강할 건데 학원 추천받습니다.,edu
취업준비생입니다. 도움이 절실히 필요합니다!,"고용센터에서 청년취업성공패키지를 하고 있는데요, 희망 교육하고 희망 학원찾기가 대단히 어렵습니다. 저는 게임에 관심 많아서 게임 관련 국비 교육 있으면 수강하고 싶어요.",edu
일본 IT 취업 하고싶어요 저는 고졸입니다,취업하려면 IT 교육이 좋다고 다들 그러셔서 국비 학원 알아보고 있습니다. 자격증은 부족하지만 교육받고 능력향상 하고싶습니다.,edu
20대 IT계열 재취업,IT 계열 국비 교육 받으려고 하는데 전 전혀 다른 전공입니다. 수업에 잘 따라갈 수 있겠죠? 천천히 알려주는 학원 있을까요?,edu
20대 직장인 국비 지원교육,베이커리 관심 있는데 직장인 국비 강의 지원해주는 것들 중에 혹시 찾고 싶고 또 무슨 교육을 배우는게 저에게 맞을까요?,edu
영상편집분야 국비지원 받아서 배우는거 취업이 잘되나요?,영상분야가 괜찮다는데 국비 지원이 가능한지 궁금하고 취업이 잘되는지 궁금합니다 혹시 자격증도 뭐가 있는지 학원은 어디가 좋은지 알려주세요.,edu
20대 취업준비로 자격증을 따려고하는데요,컴퓨터 활용 자격증 취득하는데 얼마나 걸리나요?? 국비로 학원 수업 들으면서 취득하고 싶어요.,edu
20대 초반 백수,자격증을 더 따거나 뭐라도 좀 더 수업 듣고 배워보고 싶은데 추천좀 해주세요!! ,edu
20대 후반 앱개발자 취업,앱개발 교육 듣고 취업하고 싶어요. 괜찮은 강의나 학원 있으면 알려주시고 내일배움카드는 어디서 발급받나요?,edu
취업지원제도로 비전공자가 전기분야 취업공부를 하려고 합니다,전기분야로 취업을 하고 싶습니다. 비전공자라서 내일배움카드로 국비 교육 더 받으려고 합니다. 자격증도 더 딸려구요 ,edu
진로 상담신청합니다,"개발자가 하고싶어요. 국비 지원 교육, IT멘토링 및 스터디, 컴퓨터 관련 자격증 취득 하면 될까요?",edu
"이직, 퇴직시 지원하는 프로그램있나요?",현재 설비회사 근무하고 있습니다. 좀 더 준비해서 이직을 할 생각입니다.  재직자 능력향상 교육 같은게 있을까요?,edu
"나이30살남자 생산직vs 국비지원 태양광발전설비,전기기능사",내일배움카드로 태양광발전설비 및 전기기능사 자격증 국비 교육이 있더라고요. 8개월짜리 교육이요.. 길게 보려면 국비지원받아 교육받는게 낫다고 생각하는데 괜찮을까요?,edu
국비지원 받아서 취업연계 및 교육을 받아보고 싶습니다.,포토샵이나 일러스트에 관심이있어서 국비 지원을 받고 취업 연계 교육을 받고 싶습니다. 국비지원 수업 수강 말고 뭐 다른 국비지원정책 같은게 있을가요?,edu
청년 국비지원 정책 질문,"저에게 맞는 국비 지원 정책같은게 없을까요? 내일배움카드로 능력향상을 원합니다. 
",edu
국비지원무료교육,국비를 신청해서 교육 받고 싶습니다. 컴퓨터나 베이킹 생각중입니다. 내일배움카드는 있습니다. ,edu
용접이나 특수용접쪽 괜찮나요?,백수 생활중인데 용접 교육생을 모집하던데 어떨까요? 학원도 괜찮아 보이고 국비라서 부담도 없다네요,edu
30세 고졸 남자입니다. 국비지원으로 배울만한게 무엇이 있을까요?,IT 개발을 제외한 국비 지원 교육중 수강할 만한게 무엇이 있을까요?,edu
마케팅 관련 도와세움 평생교육센터 국비교육 메리트가 있을까요?,퍼포먼스 마케팅 관련 취업하고픈 취준생입니다. 평생 교육 센터라는 곳을 알게 되었습니다. 국비이고 자격증도 취득할 수 있는데 이러한 교육들이 취업하는데 메리트가 있을까요?,edu
국비지원 취업,취업이 어려워서 국비지원으로 학원이나 자격증 알아볼려고 하는데 어떤 학원을 다니면 좋을까요?,edu
고졸예정자 국비지원 교육 지원 가능한가요??,국비교육에 관심이 생겼습니다. 생각보다 국비 교육을 받는 과정이 복잡하다는 것을 알게 되었습니다.  내일배움카드로 국비교육 지원이 가능한가요? ,edu
데이터분석 전문가 양성과정 교육관련 질문,빅데이터 분석하는 전문가를 꿈꾸는 새내기 취업 준비생 인데요. 빅데이터 전문가 양성 교육 뿐만 아니라 취업까지 연계해주는 학원이 있는지 알고 싶습니다.,edu
인테리어 목수에 관해,인테리어 목수가 하고싶은 청년입니다! 인테리어 목수가 하고싶은데 관련 강의나 수업이 있는지 질문 드립니다. ,edu
AI 쪽으로 진로를 희망하고 있는 막바지 4학년 입니다.,AI 교육을 받고 AI 쪽으로 취직을 하고 싶습니다. 빅데이터나 AI 관련 국비 교육 있으면 알려주세요. ,edu
충청 AI 인공지능 교육 진행되는게 있을까요?,요즘 무료 국비 교육도 많고 수강할 수 있다는데  AI 인공지능 교육이나 관련 IT교육을 배워보고 싶어요. 앞으로 직업도 그렇게 나가고 싶고요. ,edu
블록체인 교육 추천,블록체인 교육 추천 부탁드립니다. 가능하면 정부 국비 지원 등을 통해 수강료가 저렴했으면 좋겠어요. 코로나가 심한만큼 온라인 교육도 좋을 것 같습니다.,edu
"무역에 관한 교육, 연수",무역 교육을 다녀왔고 핵심 무역 실무라는 교육도 다녀 왔습니다. 하지만 아직 능력향상이 된 것 같지 않네요. 어디 좋은 교육이나 학원 추천해줄수 없나요? ,edu
도제학교에 대하여 궁금합니다.,"도제학교라는걸 알게 되었는데 검색해도 잘 모르겠고 참고할만한 학원이나 도제 교육, 도제 수업에 대해서 질문 남깁니다.",edu
디지털마케팅 배울수있는곳,디지털마케팅 교육을 수강하면서 개인사업을해보고싶은데 제대로 배울수있는 학원 없을까요? 국비 지원으로요,edu
경력단절여성 일자리 지원 제도,경력단절여성입니다. 직업 교육 받고 취직하고 싶어요. 어떤 지원 제도가 있나요? 내일배움카드를 일단 발급받을까요?,edu
스마트공장 IT관련 교육 궁금해요,스마트공장 관련 강의나 수업 있으면 알려주세요. 취업 보장도 되는 교육이나 학원 있나요?,edu
빅데이터 국비지원 관련 교육이나 학원 있나요?,빅데이터 쪽이 좋다해서 알아보는데 빅테이터 국비 지원 교육이나 배울 수 있는 학원 정보 있을까요??,edu
네이버 스마트스토어 운영방법,창업을 하려고 하는데 꽤 어렵네요. 온라인이나 오프라인 교육생 모집 있으면 알려주세요. 가벼운 강의나 수업도 추천해주세요,edu
문화관광 해설사에 대해,문화관광 해설사에 도전해 보고 싶은데요. 자격증이 있어야 된다는건 알지만 어디서 어떻게 교육 받고 능력향상을 해야 하는지 알고 싶습니다.  ,edu
미취업청년입니다.,아직 미취업 상태입니다. 점점 돈도 떨어지고 생활비가 모자른데 경제적으로 도움을 받을 수 있는 정책 있을까요?,money
취업(백수)지원금, 취업 지원금 같은걸 받을수있는 제도같은거있을까요? 구직활동 하지 않는 상태에서 장려금이나 금전적으로 지원 받을수있는 제도가 있다면 알려주세요!!!,money
대학교 자격증 지원금,실기 준비하는데 비용이 많이 들어서 국가에서 지원금 받을수있는 방법을 찾고있습니다.,money
20대 후반 청년인데 자격증 지원금 국가에서 주는게 있나요?,청년들에게 경제적 지원해주는게 있다고 들었는데 뭔가요? 생활비가 요즘 많이 부족해서 돈으로 주는 정책 알려주세요,money
국비지원해외취업이 가능한가요?,해외는 돈이 많이 들지않느냐 했더니 요새는 나라에서 생활비에 장려금 장학금 준다고 하더라고요. 정말인가요?,money
자격증 지원금 받을 수 있나요?,영어 성적이 아직 없는데 토익이나 오픽 둘 다 너무 비싸더라고요. 요즘 생활비 부족한데 지원금이나 장려금 받을 수 있을까요?,money
연구비 지원 받을 수 있나요?,경제적으로 많이 어려운 연구원입니다. 여기가 지방이라 지역화폐로라도 비용 지원받고 싶어요.,money
배달전문 음식점 창업하고 싶은데 정부지원 창업자금 대출받을 수 있는게 있을까요?,"음식점 창업하려고 하는데요, 혹시 정부에서 지원하는 소상공인이 받을 수 있는 창업자금 지원금이 있을까요? 창업하면 장려금도 많이 준다더라구요 ",money
예술인 지원금 신청하는 방법이 궁금합니다.,창작 지원금이나 예술인 장려금 사업이 지금 있나요? 예술인이라 돈이 많이 들어요.,money
코로나 예술인 지원금,시청 홈페이지 보니까 예술인 지원금이 있더라고요. 저도 대상자 인가요? 최근에 설치 비용이 많이 들어서 생활비 아껴쓰고 있었는데 신청하고 싶어요,money
청년사업지원금에 대해 알려주세요.,작게 의류 사업을시작하려고하는데 주변에서 사업 지원금을 받을수있다고 알려주셔서 알아보려고 합니다. 생활비도 받을 수 있나요?,money
미취업청년 취업장려금 고용보험,지역 고용보험에 가입되어있는데  취업 장려금 신청가능한가요? 경제적으로 힘드네요.,money
도자기 가업,전통공예를 승계하는 청년에게 지원금과 장려금을 주는 정책이 있다고 들었는데 자세한 내용 부탁드립니다!!,money
목돈 지원,연봉이 적어서 돈도 안모이고 힘드네요.. 생활비 조금이라도 지급받고 싶은데 그런 정책 있나요?,money
창업동아리를 만들었는데요,창업을 하려면 돈이 있어야 되잖아요 사업 아이디어는 괜찮은 것 같은데 지원금 및 장려금 받을 수 있는 방법 알려주세요.,money
농업인 지원금,"청년 농업인이 많지 않아서 장려금, 지원금 등 경제적 지원이 있다던데 알려주시면 감사하겠습니다.",money
전라북도 청년농업인 지원정책,"청년농업인에 대한 초기 금전 지원 정책 에대한 지원내용이나 신청방법 등 자세히 알려주세요! 생활비, 지원금, 장려금 등등 알려주세요.",money
청년농 청년농업인이 되고 싶습니다.,지역농업을 하고 싶어졌습니다  젊은 청년이 농업을 하고 싶다면 지원금과 장려금 지급 된다는데 알려주세요.,money
지원금1,빨리 취업을 해서 돈을 벌어야 하는데 지원해줄 사람이 없어요 정부에서 주는 취업 지원금을 받을 수 있다면 돈 걱정없이 취업 준비를 할 수 있을 것 같아요.,money
지원금2,지원 정책 중에 돈 주는 정책은 없나요? 솔직히 제일 필요한 건 돈인데.. 지원금을 받아서 그거로 취업할 때까지 버티고 싶어요.,money
지원금3,돈을 지원해주는 정책 찾아요. 지원금 받아서 취업 준비하고 싶어요.,money
지원금4,제 친구는 취업장려금 받아서 취업 준비하던데 저도 받을 수 있나요? 돈이 없는데 알바하기는 부담스러워요.,money
지원금5,"제 상황에서 현금을 받을 수 있는 정책을 찾아요. 나라에서 주는 건데 못받으면 아깝잖아요. 교통비, 생활비 다 너무 많이 나가요",money
지원금6,솔직히 돈만 있으면 걱정없이 준비에 몰두할 수 있을 것 같아요. 10만원이라도 지원금 받고 싶어요.,money
지원금7,돈이 없어서 취업 준비에 어려움이 많아요. 좀 더 집중하기 위해 취업 장려금이나 생활비 지원 같은거 알아보고 있어요.,money
지원금8,졸업해서 더 이상 부모님께 손 벌리기 부담스러워요. 취업 준비 기금 같은 거 알려주세요.,money
지원금9,더 이상 금전 지원이 끊겨서 힘들어요. 생활에 필요한 최소 비용이라도 지원받고 싶어요.,money
지원금10,금전지원을 해주는 취업 지원 정책 있나요? 취업장려금 같은 거요,money
지원금11,취업하는 데 생각보다 비용이 많이 드네요. 취업 지원금을 받고 싶어요.,money
지원금12,취업 준비 중이라 알바하기 어려운데 취업 지원금을 받을 수 있는 방법 없을까요?,money
지원금13,코로나로 취업이 요즘 어렵잖아요. 맘놓고 공부할 수 있게 지원금 지급 싶어요. 재난 지원금이나 취업 장려금 같은거요.,money
지원금14,지금 대졸 취준생 돈 받을 수 있는 정책 뭐있어요? 취업지원금 아직 신청할 수 있나요? 서울시에서 미취업자 취업장려금 지원 정책 봤는데,money
지원금15,현재 현금으로 지급받는 정책 뭐뭐 있어요? 취업 준비 비용이 만만치 않네요..,money
지원금16,"학원비, 교통비, 식비 등등.. 돈 나갈 때가 많아요.. 알바도 못하는데.. 취업장려금 신청해야겠어요.",money
지원금17,취업장려금 언제까지 신청인가요? 취업 장려금 말고 또 받을 수 있는 지원금 있나요? 복수 지원은 안되려나요?,money
지원금18,취업 준비하는데 몇 개월동안 용돈처럼 돈 들어오는 정책같은거 찾고있어요.,money
지원금19,취업 준비하는데 알바하기는 좀 그렇고 취업 비용을 지급해주는 정책 찾아요. 돈이 부족해요ㅠㅠ,money
지원금20,정책 중에 취업에 관련된 정책 뭐뭐 있나요? 취업 비용 주는 것도 있나요? 지원금이나 그런거 현금으로 받아도 좋고 지역상품권도 괜찮아요.,money
지원금21,현금이나 지역상품권처럼 일상 생활에서 쓸 수 있는 비용을 지급해주는 지원금 정책 알려주세요.,money
지원금22,"현금으로 지급해주는 정책을 찾아요. 받을 수 있는데 못받으면 아깝잖아요. 취업하는데 교통비, 생활비 다 너무 많이 나가요",money
지원금23,지원금 받을 수 있는 정책을 찾아요. 제가 받을 수 있는 지원금이요. 취업하는데 생각보다 돈이 너무 많이 나가요,money
지원금24,제 상황에서 지원할 수 있는 지원금 정책 있나요? 취업 준비할 때 사용가능한 지원금이면 뭐든 다 괜찮아요.,money
지원금25,제가 현금이나 상품권 등 돈을 쓸 수 있는 정책을 찾아요. 취업장려금 같은 건 언제 신청하는 건가요?,money
지원금26,서울시 취업장려금 지원 조건이 뭐에요? 저도 이번에 졸업해서 대상자일 것 같은데 취업 장려금 신청 조건 알려주세요.,money
지원금27,금전 지원해주는 취업 지원금 정책 있나요? 면접 교통비나 식비 등 지원해주는 정책 본거 같은데 찾아주세요.,money
지원금28,금전지원을 해주는 취업 지원 찾아요. 사회 취약 계층이라 조건은 대부분 맞을 것 같고 최대한 비용이 컸으면 좋겠어요.,money
지원금29,제가 신청할 수 있는 금전 지원중에 가장 비용이 큰 정책은 뭔지 알 수 있나요? 최대한 돈을 많이 받는 게 좋으니까요..,money
지원금30,현금이나 상품권 등 진짜 사용 가능한 금전 지원 정책을 찾아요. ,money
지원금31,현금이나 지역화폐를 지원해주는 금전 지원 찾아요. 지금 신청할 수 있는 재난 지원금이나 취업 지원금 같은거요,money
지원금32,지금 신청할 수 있는 재난 지원금이나 취업 지원금 알려주세요. 어떤 게 돈을 제일 많이 주나요?,money
지원금33,취업준비 하는데 돈이 생각보다 많이 드네요 지원금이나 현금 지급해주는 정책 없나요?,money
지원금34,부모님이 졸업했다고 금전 지원 끊으셨어요.. 6개월 정도 동안 버틸만한 지원금 정책 알려주세요. 용돈정도로만 활용하고 싶어요.,money
지원금35,"취업 준비할 때 돈이 원래 이렇게 많이 드나요? 학원비, 면접 교통비, 자소서 첨삭비 등등.. 이런 취업 관련 비용 해결해주는 정책을 알고 싶어요.",money
지원금36,취업 지원금 취업 장려금 다들 많이 받던데 어디서 신청하는 건가요?,money
지원금37,나라에서 주는 취업 지원금이나 취업장려금 같은거 신청하려고요. 비용은 얼마정도 지원해주나요?,money
지원금38,돈이 부족해서 취업 준비가 힘들어요.. 취업장려금 신청했는데 다른 지원금 정책도 있나요?,money
지원금39,취업장려금 신청했고요. 이미 다 써서 더 지원금을 받을 수 있는 방법 없나요?,money
지원금40,생각보다 현금이나 지역화폐 지원해주는게 많더라고요 저도 지원금 신청하고 싶어요.,money
지원금41,현금처럼 사용할 수 있는 지역화폐나 지역상품권을 지원해주는 정책 찾아요. 돈이 좀 부족해서 힘들어요.,money
지원금42,제 상황에 맞는 지원금 정책 알려면 어떻게 해야하나요? 지역화폐나 상품권으로 지급해줘도 좋아요,money
지원금43,취업하려는데 지원금 지급받으려면 조건 있나요? 알바하기에는 시간이 없고 부담스러워요..,money
지원금44,현금 지급해주는 지원금은 뭐뭐 있나요? 취업장려금은 아는데 다른건 잘 못찾겠어요. 취업장려금 처럼 돈 주는거요,money
지원금45,지원금 지급 신청하려고요! 저는 대졸이고 취업 준비중입니다. 지역화폐로 지급해주는 것도 좋아요!,money
지원금46,취업 비용 지급해주는 거 알려주세요 취준생인데 알바하긴 좀 힘들고 돈은 없어요..,money
지원금47,돈 문제로 전전긍긍합니다.. 최대한 열심히 취준할테니 돈 좀 못받을까요..? 지원금 지급해주는 거 알려주세요,money
지원금48,돈이 없어서 취업준비를 제대로 못하고 있어요. 아무거나 비용을 대신 내주거나 쓸 수 있는 지원금이 필요해요,money
지원금49,"취업지원금, 취업장려금, 재난지원금, 다 상관없이 신청할 수 있는 거 다 알려주세요. 돈을 주는 사업이면 다요",money
지원금50,현금이나 지역화폐 지급받을 수 있는 지원금 사업 알려주세요.,money
컨설팅1,저는 상담학과 졸업생입니다. 요즘 취업 때문에 걱정이 너무 많아요.. 제가 해놓은 것들도 많이 없고 뭘해야할지 도저히 모르겠어요.. 도움이 되는 조언 부탁드려요.. ,consult
컨설팅2,취업 고민이 많아요. 어떤 일을 해야할지 걱정도 정말 많고 진짜 힘들고 고민이에요.. 도움 좀 주세요.. ,consult
컨설팅3,취업카페나 박람회같은데 가면 취업 컨설팅 받을 수 있나요? 요즘 제 적성 때문에 조언 좀 얻고 싶어서요.,consult
컨설팅4,상담카페 같은데 추천해주세요. 취준에 대한 방향성을 좀 잡고 싶어요. 아직 자신이 많이 없어서 상담도 받고 싶고요. 부탁드려요,consult
컨설팅5,취업에 대한 고민이 날이 갈수록 늘어요.. 제가 대체 뭘해야 잘 할 수 있을까요?.. 너무 고민이 많습니다. ,consult
컨설팅6,취업 때문에 스트레스가 너무 많아요.. 방향성을 어떻게 잡아야 좋을까요? 선배님들의 조언 기다립니다.. 도움을 주세요ㅠㅠ,consult
컨설팅7,취업 관련 멘토링은 어디서 신청할 수 있죠? 현직자들 만나서 조언도 받고 싶은데.. 추천좀요!,consult
컨설팅8,취업박람회 가면 컨설팅같은거 받을 수 있다던데 저도 가면 도움이 될까요?,consult
컨설팅9,컨설팅이나 멘토링 받을만한 곳 알려주세요.. 저도 취업하고 싶은데 조언을 좀 듣고 싶어요,consult
컨설팅10,일자리카페 같은 곳 가면 막 상담같은거도 해주나요? 취준하는데 방향성을 못잡겠어요.. 도움 요청합니다ㅠㅠ,consult
컨설팅11,취업이 많이 어렵네요.. 걱정도 되고.. 다들 어디서 컨설팅 받나요? 무료로 해주는 곳도 있나요? 취업카페 같은 곳이라도 가봐야하나ㅜㅜ,consult
컨설팅12,취업 힘들어요ㅠㅠㅠ 너무 고민이 많아요.. 취업에 대해 상담받을 곳 있나요? 취업박람회 같은것도 열던데 그런건 어디서 신청하나요..,consult
컨설팅13,취업 전략을 어떻게 짜야할지.. 고민입니다.. 전문가분들이 해주는 컨설팅 받아보고 싶어요. 저 같은 무지한 취준생에게 조언 좀 주세요ㅠㅠ,consult
컨설팅14,"상담을 받을만한 곳 찾고 있어요. 취준생들끼리 서로 조언도 해주고, 방향성도 같이 잡을 수 있는 취업센터 같은 곳 있나요?",consult
컨설팅15,제 친구들 보면 멘토 찾아서 멘토링도 하고 취업에 도움 많이 받더라고요 저도 그런거 신청하고 싶은데 멘토링 어디서 신청하나요?,consult
컨설팅16,입시 때도 안했던 컨설팅을 취업할 때 하네요.. 저도 취업 컨설팅 받아봤는데 저같은 취준생들끼리 서로 서로 고민을 나누며 도움받을 수 있는 그런 모임 없나요?,consult
컨설팅17,취업 때문에 너무 스트레스 받아요ㅠㅠ 진짜 왜 저만 이렇게 고민하는 것 같죠.. 올해안에 진짜 취직해야할텐데 걱정도 너무 많고.. 취업카페 같은데라도 가봐야하나..,consult
컨설팅18,취업 박람회 요즘 많은가요? 가면 여러 기업들이 참여를 하나요? 다른 사람들은 가서 상담도 받고 도움 많이 되는 것 같던데 저도 가볼까요?,consult
컨설팅19,요즘 취업때문에 너무 걱정입니다.. 인서울 학교 나왔어도 계속 떨어지는 현실.. 어떻게 방향성을 잡고 가야 취업이 될까요.. 조언 부탁드립니다.,consult
컨설팅20,멘토링하면서 취업 준비하고 싶어요. 멘토링 같은건 어디서 할 수 있나요? 현직자 분들한테 조언도 좀 얻고 방향성도 좀 잡고 싶어요.,consult
컨설팅21,저는 작년에 졸업한 취준생입니다. 하고 싶은것도 없고 특별히 잘하는 것도 없어서 너무 고민입니다. 저는 뭘해야 할까요? 저한테 도움이 되는건 뭘까요 조언 부탁드립니다.,consult
컨설팅22,취업박람회나 취업카페 가보신 분 계세요? 거기 진짜 도움이 되나요? 저도 컨설팅 받으러 한번 가볼까 하는데 거기서 어떤 활동을 하나요?,consult
컨설팅23,코로나 때문에 취업이 안되는 현실이 원망스럽습니다. 대체 어떻게 준비해야 취업이 되는지.. 너무 걱정입니다. 어디 취업 상담 받을 곳 없나요?ㅠ,consult
컨설팅24,점점 의지도 떨어지고 너무 걱정이에요.. 취업이 이렇게 힘든줄 몰랐어요.. 선배님들은 다 어떻게 준비하셨는지 너무 궁금합니다. 조언 좀 부탁드려요..,consult
컨설팅25,"취업 너무 힘들어요... 의지도 많이 약해져서 여러 친구들과 모여서 서로 고민도 들어주고, 조언도 해주는 그런 모임 나가고 싶어요. 알려주세요",consult
컨설팅26,취업 때문에 고민인데 취업박람회 가보신 분 계세요? 취업박람회 가면 어떤 활동을 하나요? 상담도 해주고 그러나요? ,consult
컨설팅27,취업에 대한 방향성을 잡고 싶어요. 아직 너무 직무도 고민이고 혼란스러워서요.. 혹시 상담같은거 받을만한 곳 있나요?,consult
컨설팅28,취업을 하려하는데 어느 방향으로 가야할지 방향성을 못잡겠어요.. 조언 부탁드려요. ,consult
컨설팅29,이번에 컴공과 졸업한 대졸자입니다. IT업계로 취직하려고 하는데 저한테 조언해줄 만한 것 있을까요? 취업 때문에 고민이 많아서요.,consult
컨설팅30,취업 너무 어렵다 진짜.... 저 좀 살려주세요.. 의지도 없고 어떻게 해야할지 감도 안오고 답답하고 걱정이에요.. 이럴 땐 뭘 해야하나요? 꼭 좀 도와주세요..,consult
컨설팅31,이번에 졸업한 인문학도이지만.. 취업하긴 힘든 전공인건 인정합니다. 저같은 사람은 방향성을 어떻게 잡아야 취업할 수 있을까요? 선배님들의 도움이 간절합니다..,consult
컨설팅32,상담 신청합니다. 저는 경영학과 졸업이지만 전공과 너무 안맞는다고 생각이 듭니다. 직종을 변경하려하는데 저는 어떻게 해야할까요? 선배님들의 조언 기다리겠습니다.,consult
컨설팅33,취업에 대한 걱정이 커요.. 취업 멘토링을 신청하고 싶은데 대기업 취업하신 선배님들 멘토링같은거 없나요? ,consult
컨설팅34,아직 새내기 취준생입니다. 이제 취준을 시작해서 갈피를 못잡고 있어요 어떻게 시작해야할까요? 정보도 너무 없어 걱정입니다..,consult
컨설팅35,도움이 필요합니다ㅠㅠ 취업 때문에 너무 걱정이에요.. 어떻게 방향성을 잡아야 할까요? 이력서조차 어떤 식으로 써야할지 미치겠습니다..ㅠㅠ,consult
컨설팅36,취업박람회나 취업카페 이용해보신 분 어떠세요? 상담은 어떤 식으로 해주시나요? 그냥 조언해주는 수준인가요 전략적으로 컨설팅 해주시나요? ,consult
컨설팅37,취업박람회 가면 취업 상담 받을 수 있는거죠? 요즘 취업 때문에 그런데 가볼까 고민 중입니다.. ,consult
컨설팅38,취업 상담 받을 만한 곳 찾아요. 전략적인 컨설팅 해주는 곳이면 좋겠고요. 도움이 많이 되는 조언들을 얻고 싶어요.,consult
컨설팅39,전문가분들이 멘토링 해주는 취업카페 있나요? 취업에 대한 컨설팅을 받고 싶어서요. 답변 부탁드립니다.,consult
컨설팅40,"제 스펙, 상황 보고 냉정하게 상담해주실 분 찾고있어요.. 취업에 대해 고민하다 객관적으로 평가 받고 싶어서요. 저에게 따끔하게 조언해주실 분이 필요해요",consult
컨설팅41,취업 멘토링 참여하는 거 어떻게 생각하세요? 전문가분들이 방향성을 잡아주는 취업 상담 받고싶어요.,consult
컨설팅42,취업하는데 너무 고민이 많아요.. 취업 준비에 방향성을 잡게 도와줄만한 제도나 정책 없을까요?,consult
컨설팅43,취업하는데 걱정이 너무 많습니다.. 취준에 도움이 될만한 정책같은건 없나요? 도움을 받고 싶습니다..,consult
컨설팅44,저에게 도움될만한 상담이나 컨설팅 제도 있나요? 이제 막 취준에 뛰어들었는데 방향성 잡기가 어렵네요..,consult
컨설팅45,저에게 도움될만한 취업박람회나 취업카페 없나요? 전문가분들이나 선배님들의 조언이나 상담 받고 싶어요.,consult
컨설팅46,취업 방향성 잡을 때 어떻게 해야하나요? 취업 상담이나 전문 컨설팅 같은 거 해주는 정책도 있나요? 걱정이 많아요 도와주세요..,consult
컨설팅47,취업 멘토링 하는 정책도 있나요? 취업 준비하는데 너무 어려움이 많아 도움 요청하고 싶습니다.,consult
컨설팅48,제 친구들 보니까 멘토링으로 적성도 찾고 도움 많이 받던데 저도 그러고 싶어요. 제 취업에 도움을 줄 수 있는 정책이나 활동 찾아주세요,consult
컨설팅49,적성검사 같은 걸로 취업의 방향성 잡는 사업 있을까요? 이제 취업을 하려는데 조언을 좀 받고 싶네요.,consult
컨설팅50,"멘토링하면서 선배님들한테 조언도 얻고, 상담 신청도 할 수 있는 그런 사업 찾고 싶어요. 꼭 좀 도와주세요.",consult
교육1,"IT계열로 취업하고 싶은데 비전공자입니다. IT관련 교육을 들으며 준비하고 싶은데, 저에게 필요한 강의나 교육 있을까요?",edu
교육2,"IT 전공 취업 희망하는데, 내일배움카드 이용해서 배울만한 수업 없을까요? 국비교육도 좋고 공부할 수 있는 거면 다 좋아요.",edu
교육3,국비교육을 통해 디자인 공부를 하고 싶습니다. 교육생을 모집하고 있는 수업이 있나요?,edu
교육4,"드론 관련 국비 교육을 고민 중입니다. 이미 비슷한 전공을 하고 있지만 실력, 능력향상을 위해 수업을 듣고 싶은데 어떤가요?",edu
교육5,국비 교육을 들으면서 자격증도 같이 준비할 수 있는 교육 있나요? ,edu
교육6,AI 관련 국비 교육을 생각 중인데 자격증 공부도 함께 병행할 수 있었으면 좋겠습니다. 추천 부탁드려요,edu
교육7,내일배움카드 이용해서 국비교육 받을 수 있겠죠? 저의 능력향상을 위해 꼭 듣고 싶습니다. 교육생 모집하는 국비교육 알려주세요.,edu
교육8,국비 교육을 통해 능력향상을 꿈꾸고 있습니다. 저는 마케팅 분야 생각 중이고요 교육생들이 많았으면 좋겠어요. 제 공부를 도와주세요!! ,edu
교육9,국비 수업 듣고 싶습니다! 열심히 할 수 있어요 전공은 소프트웨어 입니다. 공부에만 집중할 수 있는 수업 추천해주세요,edu
교육10,공부를 다시해보려고 하는데 국비교육 할만한가요? 학원이 나을까요 국비가 나을까요? 알려주세요.,edu
교육11,자격증 공부하려는데 학원을 다니면 어떤가요? 공부할만한 강의나 교육 같은거 추천해주세요.,edu
교육12,자격증 학원 다니려고 했는데 알아보니 무료 강의나 수업이 있다고 하더라고요. 효과본 수강생 많은 걸로 알려주세요,edu
교육13,자격증 공부하려는데 내일배움카드를 이용해서 도움이 될만한 것 있나요? 강의 같은거요.,edu
교육14,자격증 준비 중인데 무료 강의 지원해주는 정책이 있다고 하더라고요 알려주세요!,edu
교육15,자격증 따서 능력향상을 하고 싶습니다. 취업하려면 필요하더라고요 무료 강의나 학원 지원해주는 거 있나요?,edu
교육16,내일배움카드 이용해서 자격증 공부할 수 있나요? 교육 신청하는게 있다던데 알려주세요. 제대로 공부해보고 싶어요.,edu
교육17,학원 다니면서 자격증 취득하려고 했는데 학원에서도 내일배움카드 쓸 수 있나요? ,edu
교육18,학원에서 자격증반 수강하려고 하는데 내일배움카드 쓸 수 있나요? 능력향상을 꿈꾸고 있습니다.,edu
교육19,빅데이터 교육 들어본 교육생 여러분 교육 받은게 많이 도움되나요? 공부를 새로 해보고 싶은데 망설여지네요..,edu
교육20,자격증 교육도 있나요? 수업 들으면서 공부하면 더 잘될 것 같아서요!,edu
교육21,"요즘 IT다, 빅데이터다 교육 엄청 많던데 저도 수강할 수 있나요? 내일배움카드도 있어요!",edu
교육22,요즘 컴퓨터 개발 관련 교육이 많던데 저도 수강하고 싶어요 수업은 어떻게 진행되는지도 궁금해요,edu
교육23,개발 관련 교육 듣고 싶은데 교육생 중 비전공자는 얼마나 되나요?,edu
교육24,디지털 마케팅 교육 듣고 싶은데 신청할 수 있을까요? 온라인 강의도 좋고 직접 수업 듣는 것도 좋아요,edu
교육25,교육 듣고 싶은데 어떤 분야를 선택해야할지 모르겠어요 온라인 강의로 진행하는 거 추천해주세요!,edu
교육26,교육 들으며 공부하려하는데 내일배움카드 있어야 하는 수업 있나요? ,edu
교육27,강의 들으면서 공부하고 싶은데 온라인 수업으로 공부할 수 있는 거 있나요?,edu
교육28,공부 다시 해보고 싶은데 온라인 수강으로 수업하는 거 있나요?,edu
교육29,디자인 교육 온라인 강의로 수강하고 싶어요! 능력향상 시킬만한 거 알려주세요!,edu
교육30,금융 교육 수강하고 싶어요 능력 향상 시킬만한 공부 하고 싶습니다. 내일배움카드도 이용하고 싶어요.,edu
교육31,취업하기 위해 교육을 수강해보려하는데요 제 능력을 향상시킬 수 있는 교육 추천해주세요.,edu
교육32,취업하려고 교육 들으려하는데요 강의 내용이 알차고 내일배움카드 쓸 수 있는 거 추천해주세요.,edu
교육33,교육을 들을지 학원을 다닐지 너무 고민돼요. 공부를 제대로 해보고 싶은데 학원을 다녀볼까요? 내일배움카드로요,edu
교육34,능력향상을 위해 학원 교육을 고민 중인데요. 학원에서도 국비교육을 많이 하더라고요. 할 만 한 교육 추천해주세요,edu
교육35,컴퓨터 학원에서 진행하는 국비 교육 받고싶어요. 온라인 강의도 괜찮아요!,edu
교육36,학원에서 진행하는 국비 프로그램을 통해 공부해서 능력 향상을 시키고 싶어요 추천해주세요,edu
교육37,내일배움카드로 자격증 학원 다니고 싶은데 교육생 많고 수강하기 괜찮은 곳 있나요?,edu
교육38,교육생 많은 학원 다니면서 제 컴퓨터 실력향상을 하고 싶습니다. 내일배움카드 이용할 수 있을까요?,edu
교육39,국비 교육 받으면서 공부하고 싶어요. 제 웹 구현 능력을 향상시키고 싶습니다. 수강할 만한 교육 있을까요?,edu
교육40,비전공이지만 교육 받아서 백엔드 쪽으로 나가고 싶어요. 관련 강의나 수업 있으면 알려주세요! ,edu
교육41,비전공인데 빅데이터 쪽으로 교육 받아서 능력향상이 된다면 취업할 수 있을까요? 관련 교육이나 강의 수강하고 싶어요.,edu
교육42,요즘 취업을 위한 강의나 수업 되게 많던데 그거 들으면 능력향상에 진짜 도움 되나요? 저도 한번 공부해 다시 해보고 싶어서요.,edu
교육43,온라인 강의 들으면서 공부해보려고 해요. 제 능력향상에 좋을 것 같아요. 좋은 강의 추천해세요.,edu
교육44,요즘 교육이나 수업 듣는 사람 되게 많네요. 능력향상에 도움이 될까요? 저도 들어보고 싶어요.,edu
교육45,직무 능력 향상을 위해 내일배움카드를 이용해 공부를 해볼까 합니다. 제가 수강할 만한 마케팅 관련 교육 좀 추천해주세요.,edu
교육46,자격증을 따려고 하는데 어떤 교육이 좀 도움이 될까요? 알려주세요 공부 좀 오랜만에 해보려고요,edu
교육47,강의 들으면서 따라가면 웹 개발 능력을 키울 수 있을까요? 온라인 강의 수강해볼까 생각 중인데 어떤 게 있는지 알려주세요.,edu
교육48,나라에서 지원해주는 교육 프로그램을 들어볼까 합니다. 취업에 도움이 되나요? 내일배움카드를 이용하고 싶어요. ,edu
교육49,나라에서 지원해주는 교육 지원 프로그램이 있나요? 프론트엔드 프로그래밍을 배우고 싶은데 능력향상에 도움이 될까요?,edu
교육50,국비 지원 프로그램을 찾고 있어요. 프로그래밍 관련 공부를 해보고 싶어서요. 취업 연계도 해줬으면 좋겠습니다.,edu
교육추가1,국비교육으로 취업하고 싶어요. DB 엔지니어를 꿈꾸고 있고요. 관련 강의 비중이 높았으면 좋겠습니다. 수업 내용 알찬걸로 추천부탁드려요,edu
교육추가2,교육 프로그램으로 공부해보고 싶어요. 자격증 공부도 지원해줬음 좋겠고요 교육생들이 많았으면 좋겠습니다. 교육 추천해주세요,edu
교육추가3,"앱 개발 교육이나 강의를 고민 중인데요, 제 능력향상을 도와줄 좋은 교육이 있을까요?",edu
교육추가4,프로젝트 기반 교육 프로그램을 신청하고 싶습니다. 제 수준에 맞는 수업을 진행했으면 좋겠어요. 수료증도 나왔음 좋겠습니다.,edu
교육추가5,지금 VR관련해서 신청가능한 교육 프로그램 있나요? 내일배움카드도 있고요 수강이 완료되면 수료증도 나왔음 좋겠습니다.,edu
교육추가6,취업이 너무 막막해서 뭐 수업이든 강의든 뭐든지 공부 좀 하고 싶어요.. 좋은 방법 없나요? 학원이라도 다녀야할까요?,edu
교육추가7,자격증 공부하는데 도움되는 교육이 있을까요? 공부 좀 해보려하는데 추천해주세요.,edu
교육추가8,강의 들으면서 공부해보려는데 학원을 다니면 좋을까요? 아님 온라인 강의나 수업을 들어볼까요?,edu
교육추가9,지금 저한테 도움될만한 강의나 수업은 무엇일까요? 능력향상을 위해 노력해보고 싶습니다. 공부하고 싶어요,edu
교육추가10,강의 들으면서 제 안의 능력을 키우고 싶은데 능력향상을 위해 어떤 학원을 다니며 공부하는게 좋을까요?,edu
교육추가11,능력향상을 하려면 학원을 다닐까요 아님 온라인 강의를 들을까요 무료 강의 좋은거 있음 추천해주세요. 내일배움카드도 가지고 있어요.,edu
교육추가12,요즘 뜨는 메타버스 관련 교육을 받아보고 싶거든요. 제 능력향상을 위해 공부를 해보려고요. ,edu
교육추가13,내일배움카드를 이용해서 어떤 교육을 받을 수 있을까요? 학원도 사용이 가능한가 궁금해요. 수업이나 강의 듣고 싶어요.,edu
교육추가14,학원 다니며 공부해보려는데 어떤 분야의 강의가 도움이 될까요? 저는 IT계열로 가고 싶습니다. 수업 내용 괜찮은 걸로 알려주세요.,edu
인터뷰1,면접을 처음 봐서 아직 면접에 대한 지식이 많이 없는데 면접 연습을 위한 정책이 있을까요? 모의면접 같은거 해보고 싶어요.,interview
인터뷰2,면접 준비를 하고 있는데 자신이 많이 없어서 모의면접 같은거 경험해볼 수 있는 제도 있나요?,interview
인터뷰3,취업 면접이 생각보다 어렵네요ㅠㅠ 어떻게 준비하면 좋을까요? 면접 관련 정책 알려주세요,interview
인터뷰4,ai면접도 연습해볼 수 있나요? 한번도 안해봐서 걱정입니다.. 면접 연습을 위한 프로그램 있으면 알려주세요.,interview
인터뷰5,ai면접 너무 걱정돼요.. 면접 연습이나 모의면접 프로그램 알려주세요,interview
인터뷰6,면접을 잘 보기 위한 면접스킬도 있나요? 그럼 그런걸 배울 수 있는 프로그램 알려주세요,interview
인터뷰7,면접이 너무 어려워요.. 면접 예상질문이나 면접스킬에 대한 정보를 얻고 싶어요. ,interview
인터뷰8,면접 예상 질문이나 스킬을 공부할 수 있는 프로그램을 알고 싶어요. 모의면접도 같이 진행하면 좋고요.,interview
인터뷰9,"면접 예상질문, 면접스킬 등 면접을 볼 때 도움이 될만한 프로그램 알려주세요. ",interview
인터뷰10,"처음 면접 봤는데 생각보다 어렵더라고요. 면접 잘 보기 위한 면접 질문, 면접스킬을 위한 제도가 있나요?",interview
인터뷰11,"면접을 보러 가는데 정장이 없어요.. 사기도 좀 부담이고.. 혹시 정장과 넥타이, 구두 등 대여할 수 있을까요?",interview
인터뷰12,면접 보는데 정장을 빌리고 싶어요. 정장을 대여할 수 있는 제도가 있나요?,interview
인터뷰13,"정장이나 넥타이, 구두 등 면접 복장 대여할만한 제도가 있을까요? 면접을 보러가야하는데 없어서요ㅠ",interview
인터뷰14,면접 보러갈 때 입을 정장 무료 대여해주는 정책이 있다던데 저도 이용하고 싶어요! 구두까지 다 빌려주면 좋겠어요!,interview
인터뷰15,정장 대여 서비스를 이용하고 싶습니다. 올해 졸업해서 면접 보러다니는 취준생인데 가능하겠죠? ,interview
인터뷰16,면접을 위한 정장 무료 대여를 하고 싶습니다. 넥타이나 구두까지 빌려주면 좋겠습니다.,interview
인터뷰17,면접 때 입을 정장 빌리고 싶어요! 면접 정장 대여 서비스 알려주세요,interview
인터뷰18,면접 갈 때 뭐 입고 가나요? 정장 같은건 없는데..ㅠㅠ 혹시 방법 있을까요?,interview
인터뷰19,"면접볼 때 입을 정장, 넥타이, 구두 같은거 대여하고 싶습니다. 저희 지역에도 이런 정책이 있나요?",interview
인터뷰20,면접용 정장이 없어서요. 면접 보러갈 때 정장 무료 대여 해주는 곳이 있다는데.. 알려주세요!,interview
인터뷰21,"취업  준비를 하는데 이력서, 면접, ai면접, 자기소개서 다 너무 막막해요.. 혹시 도움을 줄 만한 정책 있나요?",interview
인터뷰22,"취준 도와주는 정책 찾아요. 자기소개서와 면접에 대해 봐주는 정책 있나요? 자소서 특강이라든지, 모의면접이나 면접스킬 강의라든지 그런거요.",interview
인터뷰23,자기소개서 쓰는 거랑 면접 연습할 수 있는 사업 있나요? ai면접도 아직 한번도 안봐서 너무 걱정입니다. 모의면접 연습해보고 싶어요.,interview
인터뷰24,"이력서 쓰는 걸 도와주세요ㅠㅠ 자기소개서 쓰는 방법이나 면접 잘 보는 꿀팁, 면접스킬 공유 등 취준 연습을 위한 제도 알고 싶어요.",interview
인터뷰25,면접볼 때 자기소개서에 쓴 내용 활용하는 면접스킬 같은거 연습하고 싶은데 좋은 방법 있나요?,interview
인터뷰26,"면접 볼 때 유리한 자기소개서 쓰는 법, 모의면접, ai면접 등 취준에 필요한 연습 하고 싶어요.",interview
인터뷰27,"면접이나 자기소개서 작성법, 이력서 작성법 등 연습할 수 있는 제도 있나요? 면접스킬에 대해서도 궁금해요! 면접 잘 봐서 취업하고 싶네요.",interview
인터뷰28,"면접이랑 자기소개서가 가장 걱정입니다..ㅠㅠ 면접 연습, 모의면접이나 면접스킬, 자소서 작성법 알려주는 모임 같은거 있나요?",interview
인터뷰29,"이력서, 자기소개서, 면접 이렇게 3개가 취업에 가장 핵심인 것 같은데요. 어떻게 해야 잘 풀어나갈 수 있을까요?",interview
인터뷰30,면접 정말 어렵네요.. 자기소개서도 어렵고.. 면접 어떻게 하면 잘 볼 수 있나요? 면접스킬 좀 배울 수 없나요?,interview
인터뷰31,면접볼 때 메이크업이나 헤어는 어떻게 하나요? 면접을 위한 스타일링을 봐주는 정책도 있나요?,interview
인터뷰32,면접용 헤어나 메이크업도 중요한가요? 이런 거 다 해보고 ai면접이나 모의면접을 실제처럼 연습해보고 싶어요.,interview
인터뷰33,면접 헤어를 지원해주는 정책도 있나요? 인상이 중요할 것 같아서 빼놓고 생각할 수가 없네요.. 복장도 정장 같은 거 입어야할 것 같고..,interview
인터뷰34,면접 메이크업 지원 정책도 있나요? 정장은 있는데 면접 인상을 어떻게 준비해야할지.. 모의면접도 연습해보고 싶어요.,interview
인터뷰35,면접 때 정장 대여 말고 헤어나 메이크업도 봐주나요? 아예 면접에 대한 모든 걸 그렇게 지원해주는 게 있나요?,interview
인터뷰36,"취업하려는데 정말 어려움이 많군요.. 면접이 제일 걱정이에요.. 헤어, 메이크업은 어떻게 해야할지.. 면접을 위한 스타일링 사업이 있나요?",interview
인터뷰37,이력서에 붙일만한 취업사진을 찍고 싶어요. 면접 정장도 대여해주던데 그런 취업사진도 지원해주나요?,interview
인터뷰38,면접 관련 사업은 뭐뭐 있나요? 혹시 헤어나 메이크업 같은 스타일링이나 취업사진 촬영도 지원해주나요?,interview
인터뷰39,"면접 관련 지원 정책중에 헤어, 메이크업 지원해주는 면접 정책도 있나요?",interview
인터뷰40,면접 관련 지원 정책중에 이력서에 넣을 취업사진을 위한 정책도 있나요?,interview
인터뷰41,면접 연습은 많이 했는데 이제 스타일링이 걱정이네요.. 헤어나 메이크업은 어떻게 해야하나요? 스타일링 하고 모의면접을 준비할 방법 없을까요?,interview
인터뷰42,취업사진을 찍어야 하는데 취업사진 촬영 지원도 해주나요? 이력서에 넣어야 합니다.,interview
인터뷰43,면접볼 때 역량검사도 하는 경우가 있더라고요 그런 거 연습할 수 있는 정책 없나요?,interview
인터뷰44,역량검사는 어떻게 연습할 수 있을까요? 준비하기 힘든 것 같아요.. 면접볼 때도 필요할 것도 같고..,interview
인터뷰45,"ai면접이나 모의면접, 역량검사, 자소서 쓰는 법 등 취업 준비에 필요한 여러 정책을 알고 싶어요",interview
인터뷰46,역량검사도 면접에 필요한가요? 면접볼 때 역량을 물어보는 건 어떻게 대비해야하는지 알고 싶어요.,interview
인터뷰47,면접이랑 역량검사가 너무 걱정입니다.. 모의면접이나 역량검사 대비를 할 수 있는 정책 알려주세요.,interview
인터뷰48,"역량검사랑 면접.. 어떻게 연습하죠? 면접은 모의면접으로 연습해보고 싶고, 역량검사도 연습해보고 싶어요. 그런거 가능한 사업을 알려주세요.",interview
인터뷰49,"이력서 쓰는 것, 자기소개서 작성법, 역량검사 연습, 면접 연습, 모의면접 이런 취준에 필요한 제도 모두 알려주세요.",interview
인터뷰50,"이력서에 자기소개서 작성법, 역량검사 등도 면접이랑 관련있잖아요. 면접에 필요한 모든거 다 연습하고 싶어요. 취업 꼭 하고 싶거든요. ai면접도 연습해야하고 모의면접도 보고 싶어요 부탁드립니다.",interview
일자리1,대학생입니다. 직무경험을 위해 인턴을 구해볼까 하는데요. 나라에서 지원해주는 인턴 사업도 있더라고요. 저도 한 번 다녀보고 싶은데 알려주세요,job
일자리2,중소기업이나 스타트업이라도 좋으니 일하고 싶어요.. 인턴도 괜찮아요. 정규직이든 계약직이든 다 상관없으니 아무데나 좀 추천해주세요..,job
일자리3,나라에 신청하는 인턴 사업 있나요? 저는 IT 쪽으로 가보고 싶은데 졸업 전에 한 번 일경험 해보고 싶어서요.,job
일자리4,프로젝트성 인턴 지원하고 싶습니다! 대학에서 연계해주는 것도 괜찮고 어차피 계약직이니 부담없이 일해보고 싶어요,job
일자리5,요즘 취업에서 직무경험이 중요하더라고요.. 인턴 연계해주는 정책 이용해서 일경험 해보고 싶어요.,job
일자리6,요즘 기업에서 인턴 많이 안뽑나요? 저도 인턴 한 번 하면서 직무경험 쌓고 싶네요!,job
일자리7,일자리가 많이 없어서 체험형 인턴으로 들어가서 배우고 정규직 전환도 됐으면 좋겠어요~ 좋은 기업 소개시켜주세요~,job
일자리8,일하고 싶어서 찾아보고 있어요. 중소기업도 인턴도 다 괜찮으니 일단 들어가서 경험해볼 수 있는 기회를 갖고싶어요!,job
일자리9,"일자리 찾고 있어요.. 중소기업이나 스타트업도 상관 없고, 인턴도 좋아요! 대학생 신분으로 일경험해볼 수 있는 곳 알려주세요",job
일자리10,제 전공은 경력의 유무가 너무 커서 직무경험 해보고 싶어요. 아직 대학생이라 휴학하고 할만한 인턴 자리 있을까요?,job
일자리11,일자리 찾기 너무 어려워요ㅠㅠ 중소기업도 좋으니 제가 들어가서 경력을 쌓을만한 기업 좀 추천해주세요.,job
일자리12,일자리 찾는 중인데 어떻게 해야할까요? 저는 사무직이나 연구직 생각 중이고요. 평생직장을 가지고 싶어요. 제가 다닐만한 기업 알려주세요.,job
일자리13,사무직 일자리 구하는 중입니다. 경력은 3년 정도 있고 정규직으로 구하고 싶어요. ,job
일자리14,"어떤 일을 해야할까요? 사무직이 나을지, 생산직이 나을지.. 고민입니다. 직무경험을 해보고 평생직장을 결정하고 싶어요! 제가 다닐 기업이 있을까요?",job
일자리15,해외취업을 생각하고 있습니다. 산업는 화학 쪽이고요 연구직으로 가려고 고민 중입니다. 해외 기업도 일자리 연계를 해주나요? 알려주세요,job
일자리16,취업하려는데 평생직장으로 일할만한 기업 있나요? 산업은 식품 쪽이고요 정규직으로 일하고 싶습니다. 경력도 꽤 있으니 갈만한 기업 알려주세요!,job
일자리17,일하고 싶어요ㅠㅠ 반도체 생산직으로 가고싶은데 경력은 딱히 없거든요.. 일경험 쌓을 수 있는 정책 있으면 알려주세요,job
일자리18,연구직으로 일하고 싶은 대학원생입니다. 제 전공 산업과 직무를 연계해서 일하고 싶은데 지원할만한 기업을 알려주세요.,job
일자리19,"사무직, 생산직, 다 크게 상관없어요! 일자리만 있으면 됩니다ㅠㅠ 빨리 취업해서 경력을 쌓고 싶은데 어디로 가야할까요?",job
일자리20,졸업 전 직무경험을 쌓고 싶습니다. 중소기업이나 스타트업이라도 가서 빨리 일경험을 하고 나중에 취업할 때 써먹고 싶어요! 기업을 추천해주세요!,job
일자리21,일자리 구하는 게 쉽지가 않아요. 저는 큰 기업보단 스타트업에 들어가서 직무경험을 많이 해 실력을 쌓고 이직하고 싶거든요. 경력을 쌓을만한 기업 없을까요?,job
일자리22,해외취업을 생각 중입니다. 해외로 이직하는 게 쉽지는 않지만 일자리 찾을 방법이 있을까요? 만약 나간다면 평생직장으로 다니려고요. 사무직이면 더 좋습니다.,job
일자리23,계약직 끝나고 다시 취업을 준비하는 취준생입니다. 직무는 인사 업무고요. 빨리 일하고 싶어요. 제가 일할 만한 일자리 좀 알려주세요!,job
일자리24,중소기업이라도 다니면서 일경험을 해서 이직하려고 합니다. 어느 기업이 좋을까요? 정규직으로 일하면서 경력 쌓을만한 기업 알려주세요!,job
일자리25,중소기업 사무직으로 다니고 싶은 취준생입니다. 경력은 없고요. 빨리 일하면서 경력 쌓고 싶어요. 꼭 좀 소개부탁드려요.,job
일자리26,연구직 일을 해보려는 대학원 졸업자입니다. 제가 전공한 산업과 직무로 일하고 싶습니다. 어떤 기업을 갈 수 있을지 알려주세요.,job
일자리27,스타트업에서 경험을 쌓으며 일해보려는 사람입니다. 평생직장으로 다닐 건 아니지만 빨리 일하고 싶어서요. 산업은 상관없고 직무는 컴퓨터 프로그래밍입니다.,job
일자리28,컴공과를 나왔고 개발 쪽으로 취업하려는 취준생입니다. 직무는 개발로 빨리 직무경험을 많이 쌓아서 경력으로 더 좋은 기업으로 이직하고 싶어요. 첫 회사생활을 할만한 기업 어디일까요?,job
일자리29,일자리를 구하고 있습니다. 사무직도 좋고 생산직도 좋고요. 산업도 상관 없습니다. 정규직이든 계약직이든 상관 없습니다. 좋은 일자리 있으면 알려주세요.,job
일자리30,계약직 만료 후 이제 정규직으로 이직해보려고 합니다. 경력은 그래도 있으니 괜찮은 기업으로 들어가서 일을 하고 싶어요. 괜찮은 일자리 좀 소개해주세요.,job
일자리31,요즘 어떤 직무를 노리는게 좋을까요? 중소기업이나 스타트업을 가서 경력을 쌓고 싶어요. 제가 들어갈만한 기업을 알려주세요. 빨리 일하고 싶네요.,job
일자리32,상담학과 입니다. 제 전공에 맞는 일경험 해보고 싶은데 기업에서 경험 쌓을 수 있는 제도는 없나요? 직무 경험 좀 쌓고 싶어요ㅠ,job
일자리33,정규직이든 계약직이든 상관없으니까 어디든 들어가서 일하고 싶어요.. 요즘은 경력이 있어야 어딜 가도 환영받더라고요.. 좋은 기업에서 경험 쌓을 기회 가지고 싶어요,job
일자리34,마케팅 직무로 직무경험 해볼 수 있을까요? 중소기업이라도 들어가서 경험 쌓아 이직하고 싶어요. 요즘은 평생직장이 없으니까요! ,job
일자리35,직무경험 해볼만한 일자리 찾고 있는데 나라에서 지원해주는 정책도 있나요? 취직하기 전에 잠깐이라도 경험을 쌓아보고 싶어서요! 인턴도 괜찮아요!,job
일자리36,나라에서 기업이랑 연계해서 일자리 찾아주는거 꽤 있던데 저도 신청해볼까 생각 중인데요. 정규직으로 구해주는 건가요? 저는 사무직으로 가고 싶은데 알려주세요!,job
일자리37,기업 연계로 일자리 주는 정책 있나요? 정규직인가요 계약직인가요? 저도 지원할 수 있겠죠? 저는 기계 생산직으로 생각하고 있는데 중소기업도 좋아요!,job
일자리38,"국가에서 기업 연계해줘서 일할 수 있는 제도가 있다는데, 중소기업이든 스타트업이든 저도 한 번 해보고 싶어서요. 연구직으로 가고싶습니다.",job
일자리39,일자리 찾는 중이에요. 기계 쪽 산업 생각 중이고요 직무는 생산직으로 생각 중입니다. 특성상 중소기업보다는 큰 기업에 가고 싶고요 괜찮은 기업 취업할 수 있는 방법 뭐가 있을까요?,job
일자리40,"경력 쌓을만한 기업 찾아주세요! 해외취업도 생각 중이고, 빨리 직무경험을 쌓는 게 미래를 위해 좋을 것 같아서 빨리 취업을 하고 싶어요!",job
일자리41,나중을 생각하면 일경험을 많이 하는 게 좋겠더라고요. 제 직무에 맞는 일을 어서 해보고 싶은데 경력을 쌓기 위한 기업 어디가 괜찮을까요? 추천좀요!,job
일자리42,일자리 어디가 좋을까요 저는 인턴도 좋아요 제 전공에 괜찮은 직무로 좀 알려주세요. 국가 연계 일자리도 많던데 어떤가요?,job
일자리43,전 게임 관련 업무를 생각 중인데요. 이렇게 특정 직무나 산업에 관련된 기업을 위한 일자리 사업도 있나요? 중소기업이든 상관은 없습니다.,job
일자리44,일경험을 많이 해보고 싶어서 일자리를 구하려고요. 스타트업에 가서 처음부터 하나하나 배우고 싶고요. 괜찮은 방법 알려주세요.,job
일자리45,"계약직으로 가나, 정규직으로 가나 상관은 없는데 전환이 되는 기업이였으면 좋겠고, 일 많이 배우면서 경력 쌓을 수 있는 곳이면 좋겠어요. 좋은 기업 알려주세요.",job
일자리46,일자리 얻는게 힘이 많이 드네요. 저같은 경력단절 여성에게도 기회가 있나요? 평생직장으로 다닐만한 작아도 괜찮은 중소기업 알려주세요,job
일자리47,사무직 일자리 생각 중입니다. 중소기업이라도 들어가서 빨리 직무경험 쌓고 싶어요. 돈은 많이 안벌어도 경험을 쌓을 수 있는 곳이면 좋아요.,job
일자리48,해외취업 생각하고 있습니다. 해외 기업 중 괜찮은 곳 연계해서 갈 수 있을까요? 사무직 같은 직무는 상관없어요 좋은 기업 갈 방법 알려주세요.,job
일자리49,해외로 나가서 해외취업하려고요. 해외취업 지원해주는 제도도 있던데 해외에서 일자리 얻을 수 있는건가요? 간다면 어떤 기업으로 정규직으로 가는지 궁금해요,job
일자리50,중소기업 다니다가 해외취업하려고요. 경험은 많고 경력을 살려서 이직하고 싶습니다. 평생직장으로 다닐 수 있는 일자리 알려주세요.,job
일자리51,디지털 산업 관련 해외취업 생각 중입니다. 일경험 많이 쌓았으니 이제 경력 살려서 직무 바꿔보려고요 연구직도 괜찮고요 좋은 기업갈 기회 있었으면 좋겠어요.,job
일자리52,디자인 일 하고 있다가 이직하려고 준비 중입니다. 해외취업도 많이들 하던데 다들 어떻게 하시나요? 저는 직무경험은 많이 해본 상태입니다.,job
일자리53,공대 졸업하고 해외취업해서 이민가려고요. 해외취업해도 중소기업 같은데로 가게 될 수 있나요? 스타트업 같은데요. 그리고 간다면 직무는 뭐로가는지 궁금합니다.,job
일자리54,"기계 전공해서 해외취업 도전하려고요. 중소기업이나 스타트업 경력은 꽤 있고요. 산업은 기계였음 좋겠고, 정규직이면 좋겠습니다.",job
일자리55,직무는 기획인데 이직하려고요. 경험은 많으니 좋은 기업 가고싶어요. 전에 다녔던 스타트업은 조금 힘들었거든요. 이번엔 평생직장으로 다닐만한 곳 가고 싶어요. ,job
일자리56,취준생입니다. 일자리 구하는 중인데 어떤 기업이 좋을까요? 해외취업 지원도 해주나요? 가면 산업이나 직무는 어떻게 되나요? 빨리 일하고 싶습니다.,job
일자리57,"일하고 싶어요.. 사무직이나 아니면 아예 생산직 쪽으로 생각하고 있어요. 정규직이면 좋겠고, 경험 쌓아 경력으로 이직하고 싶어요.",job
일자리58,"생산직 일 구하는 중입니다. 저는 공장도 좋고, 생산 쪽 중소기업도 생각하고 있어요. 빨리 일을 시작하고 싶어서요. 일자리 구할 수 있는 방법 없나요?",job
일자리59,데이터 분석 직무로 일자리 구하는 중이에요. 일단 중소기업이나 스타트업 가서 경력 쌓고 싶어요. 일자리 구할 수 있는 정책 알려주세요.,job
일자리60,식품 산업 쪽으로 일하려고 합니다. 일단 기업에 들어가서 일경험을 쌓으려고요. 계약직으로도 괜찮으니 들어가서 일할 수 있는 제도 알려주세요.,job
일자리61,대학과 기업 연계해서 인턴이나 계약직 일 할 수 있게 해주던데 저도 신청하고 싶어요. 어떤 기업이든 상관 없어요! 경험 쌓을 수 있게 도와주세요.,job
일자리62,"기업에서 일자리 연계로 많이 해주던데, 거의 중소기업인가요? 경력은 없고요. 빨리 직무경험 쌓고 싶어서요. 어떤 산업군이 많은지 알려주세요!",job
일자리63,"경력 인정받을 수 있는 일경험, 직무경험 쌓고 싶어요! 사무직은 경력 인정이 잘 안되겠죠? 어떤 일을 해야 좋을까요? 도움이 될만한 좋은 정책 알려주세요!",job
일자리64,"직무경험, 일경험 해볼 수 있는 기업 가고 싶어요! 일자리 괜찮은 곳 연계 많이 해주던데 저도 이용할 수 있겠죠?",job
일자리65,"계약직이든 상관없으니 직무경험, 일경험 해보고 싶어요! 대학생이지만 경험을 많이 쌓고 취업하고 싶거든요. 기업 어디든 상관 없으니 도와주세요~",job
일자리66,"직무경험, 일경험 해볼 수 있는 중소기업 가려고 찾아보는데요. 나중에 경력으로 쓸 수 있을 만한 기업 혹시 찾을 수 있나요? 일자리 찾는거 도와주세요!",job
면접추가1,"면접 볼 때 신경쓸게 생각보다 많아요.. 이력서에 쓴 자기소개서 숙지해야되지, 정장도 맞춰 입어야하지, 헤어, 메이크업 손봐야하지,, 역량검사 받아야하지.. 취업 진짜 어렵네요..ㅎㅎ",interview
면접추가2,ai면접 어떻게 대비할 수 있나요? 모의면접 연습하는 방법 있나요? 자기소개서에 쓴 내용도 숙지해야 할텐데 어려워요..ㅠㅠ,interview
면접추가3,"면접 볼 때 입을 정장이 없어서요.. 무료로 빌릴 수 있을까요? 넥타이나 구두도 다 세트로 빌리고 싶은데,,",interview
면접추가4,면접 볼 때 정장 입어야하나요? 정장은 어디서 빌리나요? 넥타이도 빌려야하나요? 이런 거 지원해주는 정책도 있나요?,interview
면접추가5,면접 때 정장 대여하고 싶은데요. 구두까지 풀세트로 빌려주나요? 면접용 정책 추천해주세요~,interview
면접추가6,이력서 준비하고 있는데 취업사진을 다시 찍고 싶어서요 혹시 취업사진도 지원해주나요? 면접 정장 대여 이런건 있던데...,interview
면접추가7,면접 준비하고 있거든요. 그런데 취업사진이 너무 못나와서 인상볼 때 걱정되가지고요.. 혹시 취업사진 촬영 지원도 있나요?,interview
면접추가8,면접 정장은 있는데 취업사진이 너무 마음에 안들어요.. 혹시 취업사진 촬영 지원도 면접 정책에 포함되나요?,interview
면접추가9,이력서에 취업사진이 마음에 안들어서요. 다시 찍고 싶은데 사진촬영 지원도 있나요? 취업 지원 정책이면 있을 것 같기도 한데..,interview
면접추가10,이력서 써야하지.. 면접 연습해야하지.. 자기소개서도 면접 질문에서 물어보고.. 취준 힘드네요..ㅠㅠ 연습 좀 하고 싶어요. 아 그리고 취업사진도 다시 찍고 싶어요.,interview
면접추가11,면접스킬은 익혔는데 인상이 걱정되네요 혹시 면접 때 헤어나 메이크업을 위한 정책이나 그런 것도 있나요?,interview
면접추가12,면접 때 인상도 중요하잖아요. 정장도 빌려주던데 혹시 헤어나 메이크업 등 스타일링을 위한 정책은 없나요? 면접 정말 잘 보고 싶어서요ㅠㅠ,interview
면접추가13,면접 때 헤어나 메이크업도 지원해주나요? 예쁘게 세팅하고 취업사진까지 찍으면 참 좋을텐데.. 혹시 좋은 방법 있어요?,interview
면접추가14,면접 헤어를 봐주는 건 없겠죠? 면접 연습은 많이 하고 모의면접도 신청해서 했는데 스타일링이 조금 어렵네요..,interview
면접추가15,면접 메이크업은 어떻게 해요? 모의면접도 봤고 연습도 많이 했는데 인상도 중요하잖아요.. 면접을 위한 그런 제도는 없겠죠?,interview
면접추가16,ai면접 한번도 안봤어서 너무 걱정이에요ㅠㅠ... 면접 연습할 수 있는 방법이 있었으면 좋겠는데.. 면접스킬도 좀 늘리고 싶고요.,interview
면접추가17,모의면접 신청해보고 싶어요~ 모의면접 해볼 수 있는 곳이 많이 있나요? 한번도 연습을 안해봐서ㅠㅠ 정장까지 갖춰입고 제대로 해보고 싶어요.,interview
면접추가18,역량검사도 기업에서 많이 하더라고요~ 면접 때도 그런게 필요한가요? 필요하다면 연습할 수 있는 방법을 찾아요!,interview
면접추가19,"이력서, 자기소개서, 면접 이렇게 3개의 관문을 아직 통과하지 못한 취준생입니다.. 모의면접이나 자소서 작성법 등 취업에 필요한 스킬을 배우고 싶어요.",interview
면접추가20,요즘은 자기소개서가 중요하던데.. 면접 때도 물어보더라고요 그런거 준비할 수 있는 방법 있나요? 면접스킬을 배울 수 있는 곳이라든지.. 모의면접 볼 수 있는 그런 곳이요.,interview
소연님꺼,미취업자인데 진로에 대한 고민이 많습니다. 취업카페나 취업박람회 있으면 가서 상담받고 싶어요,consult
소연님꺼,앞으로 어떤 직업을 해야할지 방향성에 대해 걱정이 많아요. 도움을 받고싶어요,consult
소연님꺼,취업컨설팅에서 많은 조언 받았는데도 아직 고민이 많네요. 취업박람회 가면 좀 괜찮을까요?,consult
소연님꺼,요즘 취업카페에서는 어떤 도움을 주는지 궁금합니다. 고민이 많아서요,consult
소연님꺼,상담받고 싶을 때 취업박람회 가면 되나요? 걱정이 너무 많아서 조언받고 싶어요,consult
소연님꺼,IT직무로 취업하고 싶은데 방향성을 모르겠습니다. 어떻게 시작하는지 알려주는 멘토링 프로그램 있으면 알려주세요,consult
소연님꺼,취업 상담이 필요한데 취업 카페나 관련 회사 연결해주는 취업박람회 정보를 알고 싶어 도움 요청합니다. ,consult
소연님꺼,고민이 많습니다. 어떻게 역량을 쌓아야 원하는 직무에 취업할 수 있을까요? 취업박람회라도 많이 다녀보면 방향성이 정해질까요?,consult
소연님꺼,진로 고민이 많습니다. 스펙도 부족하고 지자체에서 운영하는 취업 컨설팅이나 멘토링 해보면 괜찮을까요?,consult
소연님꺼,고민이 너무 많아서 상담받고 싶어요. 아직 어떤 분야로 갈 지 못정했는데 조언과 컨설팅 받으면서 걱정 덜고싶습니다,consult
소연님꺼,스펙은 어느정도 갖췄는데 이제 어떤 준비를 해야할지 걱정이네요. 아는 선배가 없어서 조언받기 어려운데 취업카페에서 도움을 줄 수 있나요?,consult
소연님꺼,현직자 멘토링 받을 수 있는 곳 있나요? 현직자한테 고민도 털어놓고 상담받고 싶어요,consult
소연님꺼,구체적으로 어떻게 취업 준비 하는지 컨설팅 혹은 멘토링으로 조언받고 싶습니다.,consult
소연님꺼,취업 관련 상담 요청드립니다. 관련학과 전공이 아닌데 마케팅 직무를 원한다면 어떤 방향성을 가지고 준비해야 하나요? 비전공자라 걱정이 많네요,consult
소연님꺼,방향성에 대한 걱정이 많습니다. 제가 잘 하고 있는건지 모르겠고 고민만 느네요. 취업 컨설팅으로 전문가 도움 받고싶어요,consult
소연님꺼,취업이 어려워서 요즘 너무 힘들고 고민 걱정이 많네요. 감이 안잡혀서 그러는데 멘토링이나 취업카페 가면 뭐라도 나아질까요?,consult
소연님꺼,취업카페에서 진로 상담 가능할까요? 아직 원하는 분야가 없어서 방향성도 없는 상태라 걱정이 많습니다,consult
소연님꺼,취업박람회에서 컨설팅도 해주나요? 졸업한지도 꽤 되었는데 고민이 많습니다.,consult
소연님꺼,따끔한 조언 해주는 멘토 있으면 도움이 많이 될 것 같아요. 취업카페에서 멘토링 연결은 안하나요?,consult
소연님꺼,막막하네요. 취업카페에서 상담 받아봤는데 고민이 끊이질 않아요. 정말 확실한 도움을 주는 취업 컨설팅 있을까요?,consult
소연님꺼,앞으로의 직업 선택에 있어 고민이 많습니다. 취업카페에서 적성검사 및 컨설팅 해주나요?,consult
소연님꺼,취업 고민... 취업 너무 힘들고 걱정이 많아서 잠도 안와요. 제가 잘못 준비하고 있는건지 누가 조언 좀 해주면 좋겠네요.,consult
소연님꺼,뭐부터 해야할지 전혀 모르겠어요. 취업박람회라도 여러군데 가보면 방향성이 잡힐지... 고민이네요. ,consult
소연님꺼,취업 고민 상담 받고 싶습니다. 어릴때부터 요리를 해왔는데 점점 방향성이 의심되네요. 할줄 아는건 이거박에 없는게 걱정이에요,consult
소연님꺼,어떤 쪽으로 가야할지 걱정되고 고민이 많습니다.. 취업카페나 취업박람회 가서 컨설팅 받으면 될까요?,consult
소연님꺼,목표는 뚜렷한데 방향성을 잘 잡은건지 모르겠네요. 멘토링으로 도움과 조언 받으면 좋겠습니다. 컨설팅까지 해주시면 더 좋구요.,consult
소연님꺼,취업박람회 통해 취직까지 할 수 있을지 걱정입니다. 취직까진 아니어도 현직자 멘토링 프로그램으로 도움을 받고싶어요 ,consult
소연님꺼,걱정이 많습니다. 앞으로 어떻게 살아가야 하는지 취직 상담 및 컨설팅으로 조언받고 싶어요...,consult
소연님꺼,컨설팅 받으면 지금보단 나아질 것 같은데 그런건 어디서 진행하나요? 취업박람회나 취업카페에서 하는건가요 ,consult
소연님꺼,취업카페는 뭐하는 덴가요? 취업이 어려워서 걱정이 많은데 저에게 도움줄 수 있는 곳일까요,consult
소연님꺼,나름 열심히 살았다고 생각했는데 현실은 차갑네요... 애초에 방향성을 잘못 잡은건지.. 멘토링 프로그램 있으면 조언받고 제대로 준비하고 싶습니다,consult
소연님꺼,조언 부탁드립니다. 비전공자인데 디자인 쪽으로 취업하고 싶으면 어떤 방향성을 가지고 준비해야 할까요? 학원을 다녀야하는지 고민이네요 ,consult
소연님꺼,멘토링도 받아봤는데 영 상황이 좋아지지 않습니다.. 제가 뭐가 그렇게 부족한지 모르겠고 걱정입니다. 조언이 필요한데 어디서 도움받아야 될까요..,consult
소연님꺼,취업박람회에서 알게된 회사가 있는데 꼭 가고싶어요. 컨설팅으로 제대로 도움받고 한번에 합격하고 싶습니다,consult
소연님꺼,상담이 필요한데 아는 선배는 없고... 이럴땐 취업카페 가면 도움받을 수 있을까요,consult
소연님꺼,뚜렷한 방향성 없는게 제일 고민입니다. 이것저것 관심있는 분야가 많아서 어떤 준비를 해야할지 누가 조언해주면 좋겠어요,consult
소연님꺼,너무 힘들어요. 취업박람회 통해서 취직될 뻔 했는데 떨어지니까 더 고민이 많아지네요. 내가 취업할 수 있을지 걱정이고.. 취업카페에서 이런 사람도 도와주나요?,consult
소연님꺼,컨설팅 해주는 취업카페 있나요? 진로 고민이 많아서 매일 걱정이에요.,consult
소연님꺼,고민입니다. 현재 회사 정보가 부족한데 취업박람회 가면 많은 도움 받을 수 있을까요? ,consult
소연님꺼,취업 걱정으로 밤에 잠도 안와요... 혼자 생각하다 보면 고민만 많아져서 컨설팅 받고 확실한 방향성 찾고싶습니다,consult
소연님꺼,제가 비전공자라 방향성 잡는것조차 많이 고민됩니다.. 멘토링 프로그램 있으면 꼭 참여하고 싶은데 취업카페에 그런거 있을까요,consult
소연님꺼,취업박람회 가봤는데 잘 모르겠더라고요 딱히 도움이 되지 않아서 이제 뭘 해야할지 또 고민이에요. 멘토링 받아볼까요,consult
소연님꺼,자꾸 떨어져서 걱정이 많은데 취업 컨설팅 받고 확실히 방향성을 잡으면 괜찮을까요?,consult
소연님꺼,취업카페나 취업박람회 돌아다니면 저에데 도움과 조언을 주실 멘토님 찾을 수 있을까요 ,consult
소연님꺼,멘토링 프로그램은 어디서 찾나요? 지금 도움을 많이 받아야 할 상황이라서요.. 지역 취업카페 가볼까요?,consult
소연님꺼,방향성에 대한 고민 어떻게 해결하나요? 아직 제 적성도 잘 모르겠는데 취업카페에서 컨설팅 받고 상담받고 하다보면 도움이 많이 될까요,consult
소연님꺼,저번 취업박람회에서 상담 받고 도움이 많이 되었는데 이번에는 컨설팅을 받고싶어요.,consult
소연님꺼,취업 힘드네요.. 이 길이 맞는지 고민도 많고 걱정도 많고 방향성을 모르겠네요. 누가 상담 좀 해줬으면 좋겠어요,consult
소연님꺼,컨설팅 받은 친구가 만족해 하던데 전 여전히 걱정과 고민이 많네요. 상담받고 싶어요,consult
소연님꺼,상담 받다보니 제 방향성이 문제라는걸 알게 되었습니다. 멘토링 진행되는 거 있으면 멘토님께 조언받고 싶습니다. 취업카페 추천 부탁드려요,consult
소연님꺼,국비 교육이 괜찮다해서 들으려고 하는데 내일배움카드 발급받으면 끝인가요?,edu
소연님꺼,국비 지원 교육 받아서 다른 분야로 가고 싶은데 어떤 학원이 좋을지 모르겠네요. ,edu
소연님꺼,능력향상을 위해 IT자격증 취득하려고 하는데 어떤 강의 들을까요 그리고 국비 지원 되는 방법 있을까요?,edu
소연님꺼,내일배움카드 발급받고 교육 듣는거 괜찮을지... 학원도 너무 많아서 어디 강의 들어야할지도 좀 선택하기 어렵네요.,edu
소연님꺼,아직 교육생이지만 나름 이 학원에서 잘 하는 편입니다. 학원 강의 끝나고 따로 자격증 수업 들으면서 능력향상하고 싶은데 방법 없을까요?,edu
소연님꺼,다니고 싶은 학원이 제법 비싸던데 국비로 수강할 수 있는지 알고 싶습니다. ,edu
소연님꺼,자격증 강의가 생각보다 어려워서 직접 학원 다니면서 취득하려구요. 국비 학원 있으면 다니고 싶어요,edu
소연님꺼,빅데이터 쪽이 괜찮다는데 빅데이터 국비 지원 교육을 통해 능력향상 하고 싶습니다. 배울 수 있는 학원 있을까요?,edu
소연님꺼,제과제빵 국비 지원 교육과 취업연계까지 해주는 학원 있나요?,edu
소연님꺼,"개인적으로 배우고 싶은 분야가 있는데 제대로 배울 수 있는 학원이나 강의, 수업 등 있을까요? 국비 지원으로 생각중입니다",edu
소연님꺼,국비 교육 받고 새로운 시작을 하고싶습니다. 일단 내일배움카드부터 발급받는게 좋을까요?,edu
소연님꺼,내일배움카드로 자격증 강의 수강중이에요. 국비 학원도 다니려는데 어떤 교육이 좋을까요 ,edu
소연님꺼,능력향상해서 어디든 들어가려고 학원 강의도 수강하고 자격증도 취득하고 있습니다.. 수업 하나 더 듣고싶은데 또 수강해도 괜찮을까요,edu
소연님꺼,현재 학원 교육생인데 자격증 강의도 수강하려고요. 컴퓨터 자격증 국비 지원으로 가능한가요?,edu
소연님꺼,컴퓨터활용능력1급이 꽤 어렵네요. 인터넷 강의로 공부하는데 도저히 안되겠어서 학원 다니려고 하는데 국비 지원 되는 학원 있나요?,edu
소연님꺼,국비 지원 교육 수강하고 취업했다던데 어떻게 신청하는지 잘 모르겠습니다. ,edu
소연님꺼,능력향상 위주 교육 제공해주는 국비 지원 학원 있으면 알려주세요,edu
소연님꺼,내일배움카드로 국비 교육 받으면서 Python 이나 SQL 배우면 지금보다 능력향상 가능하겠죠?,edu
소연님꺼,디자인 분야로 취업 희망합니다. 비전공자지만 자격증은 좀 있는데 학원 교육 받으면 가능하겠죠? ,edu
소연님꺼,국비 학원 강의 들으려면 내일배움카드는 필수인가요? ,edu
소연님꺼,제 꿈이 프로그래머인데 어떤 교육 받아야 하는지 알려주세요. 내일배움카드는 발급받았고 관련 자격증도 있어요,edu
소연님꺼,어쩌다 마케팅 자격증 수업 들으면서 이 쪽에 관심이 생겼어요. 제대로된 학원에서 좋은 교육받고 싶은데 정보 부탁드립니다,edu
소연님꺼,능력향상할 수 있는 강의와 수업 수강하고 싶습니다. 국비로 진행되면 더 좋고요,edu
소연님꺼,자격증 스펙이 부족한 것 같아서 더 수업과 강의 수강하려고 합니다.  내일배움카드만 발급받는 방법 알려주세요 ,edu
소연님꺼,국비 학원 교육생으로 수업 수강중인데요. 내일배움카드로 또 다른 강의 듣고 싶어요. 내일배움카드 발급이 꽤 복잡하던데 알려주세요,edu
소연님꺼,취업이 급한데 자격증이 많이 부족하네요.. 관련 학원 다니면서 수업 수강하고 싶은데 국비로 듣는 방법 알려주세요,edu
소연님꺼,취직이 됐는데 프로그래밍을 다룰 줄 알면 좋다고 해서 능력향상을 위해 학원 다니려고 해요. 국비로 지원되는 학원 알려주세요,edu
소연님꺼,카페에서 오래 일했는데 자격증이 없어서요 이제 제대로 따려고 하는데 국비 지원 학원 수업 강의 등 관련 정보 알려주세요,edu
소연님꺼,내일배움카드 왜이렇게 복잡한가요? 교육  수강 신청도 어렵네요.  ,edu
소연님꺼,전기기사 자격증 공부중인데 혼자서는 영원히 취득 못하겠네요. 학원 있으면 알려주시고 국비면 좋겠어요,edu
소연님꺼,AI교육받으면서 자격증 따고 바로 취직하려고 합니다. 내일배움카드 발급받으면 되나요?,edu
소연님꺼,취업할 때 국비 교육이 도움이 된다던데 제가 가고 싶은 시각디자인 분야 수업 수강하고 싶어요 ,edu
소연님꺼,"자격증은 꽤 있는데 강의, 수업 등 교육 받으면서 더 능력향상 하고싶습니다. 어떤 교육 받아야 할까요?",edu
소연님꺼,핀테크에 관심 많은데 관련 학원 강의 있으면 수강하고 싶습니다,edu
소연님꺼,농촌으로 가려고 하는데 스마트농업 교육 있으면 알려주세요. 국비로 진행되면 좋겠고 자격증도 지원해주면 좋겠습니다,edu
소연님꺼,예술기획쪽으로 진로를 정했습니다. 아직 많이 부족한 상태라 국비 교육 학원 있으면 수강하면서 능력향상 하고싶습니다.,edu
소연님꺼,웹툰작가가 어릴때부터 꿈이었습니다. 이쪽은 자격증보단 실력이라서 학원 수업 수강하면서 실질적 능력향상 원합니다.,edu
소연님꺼,"경력단절여성입니다. 일을 쉰지 오래되어 다시 자격증 공부부터 하려합니다. 경력단절여성이 들을 수 있는 강의와 수업, 학원 있으면 소개해주세요",edu
소연님꺼,블록체인분야가 떠오르고 있던데 그 쪽에 관심이 많아요 내일배움카드는 발급받았고 국비 교육 받을 수 있는 방법 알려주세요,edu
소연님꺼,무역쪽 수업 수강하면서 자격증 따면서 능력향상 하고싶습니다. 관련 교육이나 학원 있나요?,edu
소연님꺼,국비 교육 교육생인데요. 이 강의 끝나면 다른 분야 수업 수강하고 싶습니다. 아직 자격증도 부족한 것 같아서요. 취업 잘 되는 교육 뭐가 있을까요?,edu
소연님꺼,영어가 많이 부족한데 혼자서는 힘들더라고요. 내일배움카드로 영어 학원도 수강할 수 있나요? ,edu
소연님꺼,온라인 강의로 AI 교육 듣는데 한계가 있네요. 직접 학원 다니면서 능력향상 하고 싶어요.,edu
소연님꺼,공무원 수험생인데 코로나가 심해서 온라인으로 강의 수강하려고 하고 있어요. 이런 경우에 국비 지원 받을 수 있는 방법 있을까요?,edu
소연님꺼,인공지능 분야 학원 다니는 교육생입니다. 내일배움카드로 자격증 강의 추가로 가능한지 궁금합니다,edu
소연님꺼,"국비 학원이 별로라는 말도 있는데 그래도 뭐든 강의 수강하면 나쁠건 없을 것 같아서 능력향상을 위해 AI, 블록체인 등 괜찮은 교육 찾는 중입니다. ",edu
소연님꺼,농업 전문가가 되고싶어서 학원 교육 수강중인 교육생입니다. 자격증이 있으면 좋을텐데 비싸서요. 혹시 국비 지원 받는 방법 없을까요?,edu
소연님꺼,국비 지원 받아서 간호조무사 자격증 취득하려고 합니다. 교육받을 수 있는 곳 있나요?,edu
소연님꺼,원래 일하던 분야를 떠나 새로운 분야를 도전하려고 합니다. IT쪽 관심 많아서 강의 듣고 있는데 혼자 하긴 힘드네요. 교육받을 수 있는 학원 알려주세요,edu
소연님꺼,국비 지원으로 자격증 딸 생각입니다. 내일배움카드 발급받고 수강 신청하면 되는건가요?,edu
소연님꺼,곧 면접인데 정장이랑 넥타이 구두 모두 없습니다. 어디서 구할 수 있을까요?,interview
소연님꺼,자기소개서와 이력서 제출 후 합격하여 면접 준비중입니다. 모의면접으로 연습하고 싶은데 도와주실 수 있나요?,interview
소연님꺼,자기소개서 쓰는 요령을 잘 모르겠어요. 우선 서류가 통과되어야 면접 연습도 할텐데 벌써 막히네요.. 자기소개서 도와주는 곳 있으면 알려주세요,interview
소연님꺼,요즘 ai면접을 많이 보던데 저는 한번도 본 적이 없어서 연습을 하고 싶어요. ai면접 연습할 수 있는 곳 있나요?,interview
소연님꺼,취업사진이 아직 없어서 이력서 제출도 못하고 있는데 사진관에서 찍으면 비싸더라고요. 저렴하게 취업사진 찍어주는 곳 없을까요?,interview
소연님꺼,오늘 당장 면접이 잡혔는데 넥타이를 잃어버렸어요. 넥타이 사기 아까워서 그러는데 빌려주는 곳 있으면 알려주세요,interview
소연님꺼,다음주 면접인데 머리가 지저분한 길이라서 어떻게 손질할지 모르겠네요. 면접 헤어 해주는 곳 있을까요? 메이크업도 같이 되는 곳 원합니다.,interview
소연님꺼,면접스킬 향상시키려면 면접 연습 많이 해보면 되나요? 혼자 하기는 어려워서 도와주셨으면 좋겠습니다.,interview
소연님꺼,면접 질문으로 성격 장단점이 나왔는데 대답을 잘 못했어요. 아직 제가 면접스킬이 부족해서 그러겠죠? 모의면접을 많이 해보고 싶은데 어디서 할 수 있나요?,interview
소연님꺼,면접 보면서 역량검사도 했는데 점수가 안좋아서 불합격했어요.. 이런건 어떻게 연습해야 할까요?,interview
소연님꺼,취업사진이 오래된 거라 새로 찍으려 하는데 5~6만원 정도 하더라구요. 생각보다 비싸서 나라에서 운영하는 곳 있으면 가고 싶은데 정보 좀 주세요,interview
소연님꺼,이번주 면접 일정이 잡혀있는 여자인데요. 꼭 메이크업 해야하나요? 저는 평소에 메이크업을 안해서 화장품이 없거든요.. 면접용 메이크업 알려주세요,interview
소연님꺼,아무래도 자기소개서 보다는 면접 비중이 크다보니 면접 연습을 많이 해보려고 합니다. 모의면접 연습할 수 있는 방법 알려주세요 ,interview
소연님꺼,ai면접 대비 방법이 궁금합니다. 최근 많이 시행한다던데 대비해두면 좋을 것 같아서요. ai면접과 연습 방법에 대해 알려주세요 ,interview
소연님꺼,연습도 안하고 ai면접을 보게 됐는데 완전히 망쳤어요. 모의면접 보면서 연습 많이 해보고 싶은데 ai면접 관련 지원해주는 제도 있을까요?,interview
소연님꺼,입사를 앞두고 있는 회사에서 ai면접을 본다는데 제 컴퓨터에 캠이 없어요. ai면접 관련 장비 지원해주는 정책 있을까요?,interview
소연님꺼,면접용 구두 굽이 부러졌어요. 구두 값 꽤 비싼데 잠깐 신으려고 사기 아깝네요.. 구두 단시간 빌려주는 곳 있나요?,interview
소연님꺼,면접 보기 전 헤어 메이크업은 보통 혼자 하나요? 저는 손재주가 없어서 잘 안되더라구요. 저렴한 가격으로 할 수 있는 방법 없을까요?,interview
소연님꺼,역량검사 및 ai면접 확실하게 준비할 수 있는 곳 알고싶습니다. 이번 면접은 꼭 붙고싶습니다.,interview
소연님꺼,자기소개서랑 이력서 고치고 고쳐서 겨우 서류 합격했는데 이제 면접 봐야되네요.. 어떻게 연습하는게 좋을까요?,interview
소연님꺼,면접만 보면 너무 긴장해서 말이 잘 안나와요. 모의면접으로 많이 연습하면 면접스킬 좀 향상시킬 수 있을까요..? ,interview
소연님꺼,서류합격까진 쉽게 가는데 면접에서 몇번이나 떨어지네요. 제가 면접스킬이 많이 부족한걸까요.. 면접 연습할 수 있는 공간 있으면 연습하고 싶어요,interview
소연님꺼,이력서에서 부족한 점이 뭔지 궁금합니다. 이력서 작성부터 면접까지 도와주는 정책 있으면 알려주세요,interview
소연님꺼,ai면접은 정장 안입어도 되는줄 알았더니 입어야 된다네요. 갑자기 사기는 부담스러워서 대여하려고 하는데 저희 집에서 가까운 곳 알려주세요,interview
소연님꺼,서류에서부터 떨어지면 뭐가 문제일까요 면접이라도 한번 보고 싶은데 어렵네요. 자기소개서를 고쳐보려고 하는데 첨삭 지원해주는 제도 있을까요? ,interview
소연님꺼,취업사진 헤어가 마음에 안들어서 다시 찍으려고 하는데 헤어부터 취업사진까지 다 가능한 사진관 있나요?,interview
소연님꺼,예전에 찍은 취업사진 메이크업이 너무 촌스러운데 이거때문에 이력서가 자꾸 떨어지나 싶네요. 다시 찍어야겠죠? 저렴한 곳 있을까요?,interview
소연님꺼,면접에서 돌발 질문이 들어오면 너무 당황스러워요. 연습을 아무리 많이 해도 긴장이 되네요. 실제 면접같은 모의면접으로 연습하고 싶어요.,interview
소연님꺼,돌발 질문에 대비할 수 있는 면접 스터디를 만들려고 하는데 마땅히 모일 곳이 없네요. 면접 공간 대여 어디서 할 수 있을까요?,interview
소연님꺼,자기소개서를 처음 써봐서 제가 봐도 많이 부족하네요. 첨삭받고 싶어요. 도와주세요,interview
소연님꺼,면접볼 때 남성분들 보통 어떤 헤어랑 메이크업 하나요? 가까운 샵 있으면 정보 부탁드려요.,interview
소연님꺼,정장을 빌려왔는데 넥타이를 깜빡 했네요. 입사하고 나면 넥타이 필요 없을 것 같은데 잠깐 대여해주는 곳 있을까요?,interview
소연님꺼,살이 빠져서 정장이랑 구두가 안맞네요... 저렴하게 대여해주는 곳 있나요?,interview
소연님꺼,모의면접으로 면접 연습하고 싶은데 어디서 할 수 있을까요?,interview
소연님꺼,역량검사에서 떨어졌어요... 면접 연습 열심히 했는데 너무 아쉽네요. 역량검사는 어떻게 준비할 수 있을까요?,interview
소연님꺼,이제 막 취업 준비하기 시작한 취준생입니다. 자기소개서 및 이력서랑 면접 준비까지 도와주는 정책 있을까요?,interview
소연님꺼,모의면접으로 많이 연습 했었는데 실제 면접은 확실히 다르더군요. 이제 또 어떤 연습을 해야할지 모르겠습니다. 도와주세요,interview
소연님꺼,면접 정장이 오래된 거라 조금 촌스러운데 상관없을까요? 아니면 정장 대여할까요? ,interview
소연님꺼,자기소개서가 너무 어려워요... 경험이 많이 부족해서 쓸 말이 없는데 이런 경우에 어떻게 해야할지 감이 안잡히네요. 자기소개서랑 이력서 도와주는 곳 있나요?,interview
소연님꺼,"취업사진 찍고 정장, 구두 구매하니까 좀 쪼들리네요. 헤어 메이크업은 저렴하게 하고 싶은데 괜찮은 방법 없을까요?",interview
소연님꺼,면접 때 신을 구두가 없습니다. 구두만 대여해주는곳 있나요?,interview
소연님꺼,ai면접 볼 장소가 없어요. 집에 가족들이 많아서 시끄러운데 면접 장소 대여 가능한가요?,interview
소연님꺼,예상하지 못한 면접 질문 나오면 말문이 막혀요.. 이거 연습하면 나아지나요? 모의면접을 계속 해야할까요?,interview
소연님꺼,대기업 면접은 아무래도 더 전략적으로 준비해야 할 것 같은데 대기업 면접 대비 학원 있을까요? 단기간에 면접스킬 향상시켜주는 곳 원합니다.,interview
소연님꺼,영어 면접이 잡혔는데 제가 영어를 잘 못하거든요. 몇 가지 예상질문 뽑아놓고 외우려고 하는데 영어 면접 도와주실 수 있나요?,interview
소연님꺼,코로나 때문에 화상면접 보게 됐는데 면접 볼만한 장소가 없어요. 장소 대여해주는 곳 알려주세요. ,interview
소연님꺼,자기소개서 여러번 쓰다보니 서류는 통과인데 면접에서 계속 막혀요. 면접스킬이 부족하다 생각하는데 어떻게 연습해야 할까요?,interview
소연님꺼,이력서에 넣을 취업사진이 없습니다. 취업사진 관련 지원 정책 있으면 소개해주세요,interview
소연님꺼,서류 통과 후에 ai면접 대기중입니다. ai면접에서 항상 떨어져서 이번엔 제대로 연습하고 보려고 하는데 도와주실 수 있나요?,interview
소연님꺼,곧 면접인데 경험이 많이 없어서 너무 떨려요. 예상질문 뭐 나올지도 모르겠고... 모의면접 도와주는 기관 있을까요?,interview
소연님꺼,정규직 취업 전에 중소기업에서 인턴하고 싶은데 관련 정책 있는지 궁금합니다,job
소연님꺼,데이터 분석 직무 생각 중인데 직무경험이 없어서 인턴부터 하려고 합니다. 괜찮은 인턴 자리 어떻게 구하나요?,job
소연님꺼,스타트업에서 일경험하고 이제 제대로 된 일자리를 구하려고 하는데 어렵네요. 일자리 구하고 싶어요,job
소연님꺼,나이는 많고 경력은 없어서 괜찮은 일자리 찾기가 힘드네요. 우선 중소기업이나 스타트업에서 인턴을 해야 할까요?,job
소연님꺼,계약직만 하다보니 물경력된 것 같아요 이제 정규직으로 일하고 싶어요,job
소연님꺼,사무직 하고 싶은데 직무경험이 많이 부족합니다. 사무직 인턴 어떻게 할 수 있을까요?,job
소연님꺼,연구직 원하는데 꼭 좋은 곳 아니더라도 경력 쌓을 수 있고 직무경험 많이 할 수 있는 기업으로 가고싶습니다.. ,job
소연님꺼,비전공자인데 디자인 쪽으로 일자리 찾고 싶어요. 계약직이라도 직무경험을 하고 싶습니다.,job
소연님꺼,사무직으로 이직하려는데 일자리가 없네요. 계약직이든 인턴이든 상관없으니까 직무경험을 하고 싶습니다.,job
소연님꺼,일자리 좀 찾아주세요. 평생직장 아니어도 제가 원하는 직무에서 경력 쌓고 싶습니다.,job
소연님꺼,3개월 계약직으로 일하고 있습니다. 계약만료 후에 청년일자리로 취업 가능할까요?,job
소연님꺼,정규직 때려치고 하고 싶은 산업 분야 계약직으로 일하려고 합니다. 일자리를 어떻게 구할까요 ,job
소연님꺼,생산직으로 오래 일하다보니 지칩니다.. 사무직으로 이직하고 싶은데 제가 할 수 있을까요? 저같은 사람에게 일자리 지원해주는 정책 있는지 궁금합니다,job
소연님꺼,일자리 구하고 싶습니다. 생산직도 괜찮고 평생직작으로 다닐 수 있는 기업 원합니다.,job
소연님꺼,올해 안에 꼭 일자리 찾고싶습니다. 생산직이든 사무직이든 상관없는데 청년에게 일자리 제공하는 기업 없을까요?,job
소연님꺼,중소기업 인턴 경험도 경력일까요.. 정규직으로 일하고 싶습니다. ,job
소연님꺼,"제가 영어를 잘 하는 편이라 교수님께서 해외취업 추천해주시네요. 저도 해외취업 관심 있는데 어떻게 준비해야 하는지 궁금하고, 나라에서 해외취업 일자리 연결도 해주는지 궁금합니다 ",job
소연님꺼,일자리 찾다보니 직무경험이 부족하다는 생각이 듭니다. 우선 관련 산업에서 일경험하고 싶습니다.,job
소연님꺼,사회복지사로 일자리 찾고 싶습니다. 청년 사회복지사에게 일자리 지원해주는 제도 있는지 궁금합니다,job
소연님꺼,직무경험이 부족해서 정규직 일자리에 불합격하는 것 같아요. 일경험 제공해주는 정책 있나요?,job
소연님꺼,지금 인턴으로 회계업무 하는데 저한테 잘 안맞아서 다른 직무로 바꿔보려고 합니다. 직무경험부터 쌓아야겠죠?,job
소연님꺼,요새 평생직장은 없다고 하지만 계약직만 전전하니 힘드네요. 청년에게 정규직 일자리 제공해주는 정책 있을까요?,job
소연님꺼,큰 기업만 바라봤는데 이젠 중소기업이나 스타트업에서라도 일하고 싶습니다. 일자리 지원 제도 있으면 알려주세요,job
소연님꺼,인턴 합격도 어렵네요.... 인턴으로 직무경험 쌓고 싶은데 어떻게 해야 할까요?,job
소연님꺼,계약직으로 경력 쌓았는데 정규직 이직이 잘 안되네요. 청년에게 정규직 일자리 연결해주는 정책 있는지 궁금합니다.,job
소연님꺼,스타트업 인턴 경험 있고 스펙도 괜찮은데 좋은 일자리가 없네요.. 아직 직무경험이 부족해서일까요? 직무경험은 어디서 할 수 있을까요?,job
소연님꺼,연구직 인턴 하다가 이 일이 안맞는다는 생각이 들었습니다. 사무직으로 가고 싶은데 어떻게 일경험을 할 수 있을지 궁금합니다,job
소연님꺼,패션 쪽으로 진로를 결정했습니다. 경력은 없지만 차근차근 일경험부터 시작하려 합니다.,job
소연님꺼,개발 관련 직무로 일자리 찾고 싶은데 여러 기업에 지원해봐도 연락이 없습니다. 계약직이라도 할 수 있는 방법 없을까요?,job
소연님꺼,시각 디자인 직무 원합니다. 계약직 경험은 한 번 있고 정규직으로 입사하고 싶어요,job
소연님꺼,대학생인데 휴학하고 인턴 구하고 있습니다. 추후 정규직 입사에 도움이 될 만한 좋은 일경험 하고싶습니다.,job
소연님꺼,비전공자인데 웹디자인에 관심이 많아서 직무를 바꾸려고 합니다. 비전공자들이 직무경험을 할 수 있는 인턴이나 계약직 등 알려주세요 ,job
소연님꺼,생산직만 했는데 이제 다른 직무로 변경하려고 합니다. 직무를 바꾸는 사람들에게 일경험이나 인턴 지원해주는 정책 추천해주세요,job
소연님꺼,사무직으로 일하고 싶습니다. 사무직 일자리 있는 기업 있을까요? ,job
소연님꺼,스타트업에서 인턴 했는데 너무 힘들었어요. 괜찮은 중소기업에 취업하고 싶은데 이런 저를 도와주는 정책 있나요?,job
소연님꺼,국내 취업이 워낙 어려워서 해외로 가려고 합니다. 나라에서 해외취업 지원해주는 제도가 있다고 들었는데 뭔가요?,job
소연님꺼,중소기업 들어가서 경력 쌓고 이직하려고 합니다. 괜찮은 중소기업 일자리 알려주세요 ,job
소연님꺼,스타트업에 입사해서 제대로 일경험 하려고 합니다. 스타트업 입사 도와주는 정책 있으면 알려주세요,job
소연님꺼,계약직이든 정규직이든 제가 원하는 직무에서 일경험 하고 싶습니다. 직무경험을 도와주는 정책 있나요?,job
소연님꺼,사무직 경력 있는 경력단절여성입니다. 다시 시작해보려고 하는데 일자리 어디서 구할 수 있을까요? ,job
소연님꺼,청년들에게 정규직 일자리나 일경험 지원해주는 제도 있는지 궁금합니다.,job
소연님꺼,계속 계약직만 하고 있습니다. 아무리 평생직장 없다지만 지치네요. 괜찮은 정규직 일자리 구하고 싶습니다.,job
소연님꺼,농업쪽 관심 많아서 관련 일자리로 취업하고 싶어요. 직무경험은 좀 있는 편입니다. ,job
소연님꺼,해외취업 하려고 합니다. 스펙은 괜찮은 편이고 경력은 없지만 좋은 일자리 있으면 알려주세요,job
소연님꺼,"무역 산업에서 일하고 싶습니다. 중소기업이나 스타트업, 계약직 정규직 상관 없이 직무경험 쌓고 싶어요",job
소연님꺼,"일자리 찾는게 이렇게 어려울 줄 몰랐네요. 정부나 지자체에서 청년에게 일자리, 직무경험 제공하는 정책 있는지 궁금합니다.",job
소연님꺼,아직 대학생이긴 하지만 취업 고민이 많아서 방학 때 중소기업이나 스타트업에서 일해보고 싶어요. ,job
소연님꺼,전기과 대학생이 할 수 있는 직무경험 뭐가 있을까요? 중소기업이나 스타트업에서 인턴 하는게 좋을까요?,job
소연님꺼,"해외취업 지원 제도 있으면 알려주세요. 미디어, 방송 산업 쪽으로 가려고 합니다.",job
소연님꺼,인턴 자리도 없는데 정규직으로 입사할 수 있을까요 걱정이 많습니다. 일경험부터 쌓으려고 하는데 청년에게 일경험 제공해주는 기업 있는지 궁금해요 ,job
소연님꺼,취업 준비 하는데 이것 저것 필요한 돈이 많네요. 정부에서 지급해주는 지원금 있으면 알려주세요,money
소연님꺼,취업준비생이라 경제적으로 힘듭니다. 취업 준비에만 신경쓰고 싶은데 지원금 지급받을 수 있는 제도 있는지 궁금해요,money
소연님꺼,백수생활 오래 하다가 이제 마음 먹고 취업 준비 하려고 합니다. 취업 장려금 받을 수 있는지 궁금합니다.,money
소연님꺼,공예 작품 만드는 예술인입니다. 작품 창작에 비용이 좀 들어가서 창작 지원금 지급받고 싶어요,money
소연님꺼,취업 준비에 생각보다 돈이 많이 들어가네요. 취업 장려금이나 지원금 신청하고 싶어요,money
소연님꺼,해외취업 하려고 하는데 경제적으로 부담이 되네요. 해외 생활비 비용이 꽤 많이 들어갈 것 같은데 정부 지원금 정책 있나요?,money
소연님꺼,청년들 공부할 수 있도록 교육비나 지원금 지급하는 정책이 있다고 하던데 자세한 신청 방법 알려주세요,money
소연님꺼,"곧 졸업인데 자격증이며 정장이며 돈을 많이 썼어요. 취업 지원금, 장려금 있으면 지급받고 싶습니다.",money
소연님꺼,이직 준비 중인데 취업지원금이나 경제적으로 도움 받을 수 있는 정책 소개해주세요,money
소연님꺼,미취업자라 경제적으로 많이 힘드네요. 현금이나 지역화폐 받을 수 있는 지원금 정책 알려주세요,money
소연님꺼,"졸업하고 집에서 금전 지원을 안 해주셔서 많이 힘듭니다. 취업준비에만 집중하고 싶은데 지원금, 장려금 등 금전적 도움 받을 수 있는 제도 알려주세요",money
소연님꺼,아르바이트 할 시간에 취업준비에 집중하고 싶어요. 취업장려금이나 지원금 알려주세요,money
소연님꺼,취업준비 오래 하다보니 돈이 점점 떨어지네요. 생활비 지원 받고 열심히 취업준비 하고싶습니다,money
소연님꺼,막학기라 취업준비 하고 있는 대학생입니다. 면접보러 다른 지역 가거나 하면 돈이 많이 깨지네요. 경제적으로 힘들어서 정부 생활비 지원금 같은 정책 있으면 신청하고 싶어요,money
소연님꺼,작게 카페 창업하려고 하는데 주변에서 청년 사업 지원금이 있다고 해서 알아보려고 합니다. 지원금 지급 받는 방법이랑 자격요건 등 알고싶습니다,money
소연님꺼,도예 전공자입니다. 도자기 공방을 차리려고 하는데 돈이 많이 드네요. 찾아보니 청년 예술인 지원금이 있는 것 같던데 자세한 설명 부탁드려요,money
소연님꺼,"귀농하려고 하는데 요즘 정부에서 청년 농업인에게 지원금, 장려금 지급해주는 제도가 있다더군요. 어떻게 하면 정부 지원금 받을 수 있나요?",money
소연님꺼,친구가 취업장려금 6개월 받으면서 취업 성공했다던데 저도 장려금 받으면서 준비하고 싶습니다.,money
소연님꺼,취업준비도 힘든데 생활비가 부족해서 따로 알바라도해야되나 싶어요. 취업준비에만 집중할 수 있게 장려금 지급해주는 정책 있을까요?,money
소연님꺼,지방에서 상경했더니 돈이 많이 드네요. 취업준비에 필요한 돈이 한두푼이 아니더라구요. 취업지원금이나 생활비 지급받을 방법 없나요?,money
소연님꺼,지방에 거주하고 있는데 지자체에서 장착 지원금 같은거 있는지 궁금합니다. 지역화폐로 지급받아도 좋아요,money
소연님꺼,아직 대학생이지만 취업준비를 하면서 알바도 하고 있어요. 둘 다 하려니 힘든데 장학금 지급 정책 있으면 신청하고 싶습니다.,money
소연님꺼,농업 관련 업계에서 일하려고 합니다. 주변 사람들이 나라에서 지원금 정책이 많다고 하던데 잘 모르겠어요. 청년 농업인 지원금이나 장려금 있으면 알려주세요,money
소연님꺼,여행사 근무하다가 코로나로 실직을 했습니다. 다시 취업 준비를 해야하는데 쉽지 않네요 이것 저것 비용이 많이 필요해서 경제적으로 어렵습니다. 저같은 상황의 청년에게 지원금 지급해주는 정책 있나요>,money
소연님꺼,취준하면서 많이 우울해집니다. 가끔 문화생활을 즐기고 싶은데 관련 지원금 있을까요?,money
소연님꺼,보통 청년 지원금은 취업 관련만 가능하고 인증도 해야되는 것 같던데 그냥 돈으로 지원해주는 지원금 정책은 없나요?,money
소연님꺼,스타트업에 취업을 했지만 월급이 적어서 경제적으로 힘듭니다. 취업 장려금이나 지원금은 있던데 재직자가 신청할만한 지원금 정책은 없는지 궁금합니다.,money
소연님꺼,중소기업에서 목돈 모으기가 정말 어렵네요. 재직자들이 돈을 모을 수 있도록 지원해주는 지원금 정책 있나요?,money
소연님꺼,아르바이트 하고 있는데 이런 경우에 생활비 지원금은 따로 못 받는지 궁금합니다.,money
소연님꺼,취업준비생인데 알바도 하고 있어요. 취업장려금이나 지원금이 있으면 아르바이트 그만두고 싶습니다.,money
소연님꺼,다른 지역에선 청년을 위한 취업지원금 사업이 있던데 제가 사는 곳은 엄청 시골이라서 있는지 모르겠습니다. 알려주세요,money
소연님꺼,취업 연계 교육과 생활비 및 장려금 지급해주는 사업이 있다던데 자세한 정보 알고싶습니다.,money
소연님꺼,몸이 안 좋아서 퇴사 후 치료받고 하다보니 시간이 많이 흘렀네요. 그동안 병원비로 쓴 돈이 많아서 경제적으로 어려운데 취업준비 하려니 부담됩니다. 다시 시작할 수 있도록 취업장려금 신청하고 싶습니다.,money
소연님꺼,한부모 가정 대학생입니다. 경제적으로 어려워서 장학금 찾아보고 있어요. 제가 신청할 수 있는 장학금 정책 알려주세요,money
소연님꺼,대학생인데 등록금때문에 돈이 많이 나가서 생활비는 지원받고 싶어요. ,money
소연님꺼,음식점 운영하고 있습니다. 코로나로 매출이 많이 줄었는데 저 같은 사람을 위한 지원금 정책 있는지 궁금합니다. ,money
소연님꺼,해외취업 준비중인데 경제적으로 부담 많이 되네요. 생각보다 비용이 많이 들어서 찾아보니 관련 정책이 있는 것 같더라구요. 자세하게 알아보고 싶습니다.,money
소연님꺼,사회초년생입니다. 빨리 목돈 마련하고 싶은데 청년들을 위한 지원금 정책있는지 알고 싶습니다.,money
소연님꺼,해외 대학에서 연구생을 모집하는데 신청해서 합격했습니다. 하지만 비용이 상당히 많이 들더군요. 돈 때문에 포기하고 싶지 않습니다.. 장학금이나 지원금 정책 있으면 신청하고 싶어요.,money
소연님꺼,미취업자라 돈이 부족합니다. 지역화폐라도 괜찮으니 생활비 지원 정책 있으면 알려주세요 ,money
소연님꺼,공예과를 졸업하고 공방 창업을 준비중입니다. 창업 비용에 돈을 탈탈 털어서 생활비도 없네요. 청년 예술인을 위한 생활비 지원금 정책 있을까요?,money
소연님꺼,친구 두명과 같이 창업하게 되었습니다. 창업 지원금이 있다던데 저희같은 경우는 세명 모두 지원금 받을 수 있는지 궁금합니다. 비용이 많이 필요해서 꼭 받고싶어요 ,money
소연님꺼,저소득층 미취업자 청년입니다. 취업준비에 집중할 수 없는 상황이라 아르바이트를 많이 했더니 생활비 지원이 안된다네요. 알바 그만두지 않고 생활비나 장려금 등 지원금 받을 수 있는 방법 없나요?,money
소연님꺼,장학금받고 해외취업 가게 되었는데 여전히 돈이 부족합니다. 해외생활에 필요한 생활비라든지 더 지원받을 수 있는 방법 궁금합니다,money
소연님꺼,"본격적으로 창농 준비하려고 합니다. 지원금, 장려금 등 금전적 도움 받을 수 있는 정책 알려주세요",money
소연님꺼,이것 저것 비용이 많이 드는 취업준비생에게 경제적 부담을 덜어주는 정책 있으면 알려주세요. 생활비나 교육비 지원금 같은 거요.,money
지원금1,취업준비에 집중하고 싶은데 형편이 안되네요. 생활비가 필요한데 돈 지원해주는 정책은 없나요?,money
지원금2,나라에서 취준생 지원금 준다는데 어떻게 받나요?,money
지원금3,혼자 사는데 알바해도 생활비가 모자랍니다. 생활비 지원 정책 없나요?,money
지원금4,방학동안 알바해서 돈 벌고 싶은데 나라에서 뽑는 알바 있을까요?,money
지원금5,알바 그만두니까 돈이 문제네요. 돈 때문에 할 수 있는게 없어요.,money
지원금6,코로나 때문에 정리해고 당해서 당장 먹고 살 돈이 없습니다. 지원금 받을 수 있나요?,money
지원금7,중소기업 다니는 청년들 지원금 주는 정책있다는데 어떤건가요?,money
지원금8,시골로 귀농하고 싶은데 자금이 부족합니다. 귀농 지원금 주는 지역 있나요?,money
지원금9,친구와 같이 귀농해서 영농하려고 하는데 정착지원금 같은거 받을 수 있나요?,money
지원금10,여름방학에 등록금을 벌고 싶습니다. 아르바이트 괜찮은거 있나요?,money
지원금11,저희 집이 저소득층이라 취업준비가 어렵네요. 저소득층 대상 지원금 정책 있나요?,money
지원금12,기초생활수급자 대상 생활비 지원 정책있을까요? ,money
지원금13,취준이 길어지면서 돈이 너무 부족하네요. 너무 힘든데 지원금 받을 수 있는 방법 없나요?,money
지원금14,공부가 길어지니 이것저것 돈이 많이 드네요. 알바로 충당이 어려운데 교육비 지원받을 방법 없나요?,money
지원금15,창업을 준비중인데 창업금이 부족합니다. 창업 지원금 받고 싶습니다.,money
지원금16,친구랑 창업하고 싶은데 돈이 너무 빠듯합니다. 청년창업 지원금 같은거 없나요?,money
지원금17,취업하면 수당 받을 수 있는 제도가 있다던데 어떤건가요?,money
지원금18,사회초년생인데 돈 나갈 일이 너무 만습니다. 돈 좀 모으고 싶어요.,money
지원금19,해외취업을 생각중인데 형편이 어려워서 선뜻 가기가 쉽지 않습니다. 해외취업 지원금 받을 수 있는 방법 있나요?,money
지원금20,해외봉사를 가고 싶은데 자기 부담금이 부담입니다. 해외봉사 지원금 주는 곳 없을까요?,money
지원금21,코로나로 급하게 일자리를 잃어서 당장 생활이 어렵습니다. 생활지원금이 필요합니다.,money
지원금22,타지에서 취직해서 월급으로만 생활하기 어렵습니다. 생활비 지원 좀 받고 싶습니다.,money
지원금23,타지에서 살면서 돈이 많이 부족하네요. 월세라도 지원 받고 싶어요.,money
지원금24,취업준비에 돈이 꽤 많이 드네요. 구직활동 지원금 필요합니다.,money
지원금25,내일채움공채라고 중소기업다니면서 돈 모을 수 있게 해주는 정책이 있다던데 어떤건가요?,money
지원금26,배워야할게 많은데 교육비가 부담되네요. 자격증비도 도움 받을 수 있나요?,money
지원금27,알바도 구하기가 힘드네요. 나라에서 구해주는 아르바이트 자리 있을까요?,money
지원금28,소모임을 만들고 싶은데 청년모임 활동비 같은거 지원받을 수 있나요?,money
지원금29,친구와 공방을 만들고 싶은데 창업자금을 지원받고 싶습니다.,money
지원금30,창업아이디어 구상했는데 생산하는데 돈이 많이 들어서 걱정입니다. 창업아이템 생산비용도 지원되나요?,money
지원금31,출퇴근시간이 1시간이 넘다보니 교통비가 너무 많이 드는데 사회초년생 교통비 지원해주는 정책은 없나요?,money
지원금32,돈이 없어서 면접보러 다니는 교통비도 부담인데 교통비 지원받을 수 있나요?,money
지원금33,취업하면서 지방으로 이사했는데 지역정착금 지원해준다고 들었습니다. 어떤건가요?,money
지원금34,도자기 공방을 창업하고 싶은데 임대료 지원받고 싶습니다.,money
지원금35,기초생활수급자인데 기본 지원금 말고 구직 지원금 중복수혜 되나요?,money
지원금36,알바도 그만두고 돈이 부족해서 아무것도 못합니다. 직접 돈으로 지원받는 법 없나요?,money
지원금37,중소기업을 운영중인데 청년인턴 받으면 인건비 지원해준다고 하던데 어떻게 신청하나요?,money
지원금38,스타트업 운영하는 청년대표인데 지원금 받고 싶어서 신청합니다.,money
지원금39,스타트업 운영중인 대표인데 신규 직원들 건강검진비 지원도 받을 수 있다고 해서 문의합니다.,money
지원금40,지역 청년들 교류 동아리 만들려고 하는 활동 지원비 받고 싶습니다.,money
지원금41,코로나로 알바도 안 구해지고 돈이 너무 부족합니다. 생활 안정비 지원 받을 수 있나요?,money
지원금42,자취하는데 월세가 너무 부담됩니다. 돈으로 월세 지원 받고 싶습니다.,money
지원금43,청년일자리를 늘리려고 하는데 인건비 지원 받을 수 있나요?,money
지원금44,취직했는데 목돈이 안 모입니다. 어떻게 할 수 있을까요?,money
지원금45,미술하는 동료들과 전시회를 열고 싶은데 돈이 부족합니다. 전시 지원금도 있나요?,money
지원금46,방학인데 대학생 아르바이트 참여해서 돈벌고 싶습니다. 어떻게 신청하나요?,money
지원금47,해외연수 가고 싶은데 돈이 너무 많이 듭니다. 해외교육비 받을 수 있나요?,money
지원금48,"국외연수 다녀오고 싶습니다. 현장학습비나 식비, 생활비 지원 가능한 정책이 있을까요?",money
지원금49,저소득층인데 생활안정지원을 받고 싶습니다. 돈이 필요하네요.,money
지원금50,창업을 준비중인데 창업지원금이 모자랍니다. 창업지원금 받고 싶습니다.,money
상담1,취업준비를 처음 시작했는데 뭐부터 할지 모르겠어요. 상담 좀 부탁드립니다. 걱정만 느는 요즘이네요.,consult
상담2,진로 방향에 대한 고민이 많습니다. 졸업이 코앞인데 뭘 해야할지 모르겠어요. 고용센터 같은데서 컨설팅이라도 받아볼까요?,consult
상담3,요즘 열리는 취업박람회 있나요? 코로나라서 오프라인 취업박람회가 많이 줄었다고 하던데,consult
상담4,서울에 취업카페나 고용센터 어디 있나요? 취업이 잘 안 돼서 상담 좀 해보고 싶습니다.,consult
상담5,이직 상담 좀 해주세요. 직무를 바꿔서 이직을 하려하는데 어떻게 방향을 바꿔야 하는지 모르겠습니다. 많은 도움 부탁드립니다.,consult
상담6,취업박람회 가서 여러군데 돌아보면 상담 받을 수 있나요? 취업 고민이 많네요.,consult
상담7,곧 졸업인데 대학 취업카페 가볼만 한가요? 한 번 상담이라도 받아볼까 합니다.,consult
상담8,퇴사한지 1달 됐는데 재취업 때문에 고민이 너무 많네요. 다시 취준하려니 걱정만 들고 어떤 방향으로 가야할지도 모르겠고요.,consult
상담9,취업 고민이 있습니다. 인사를 희망하는데 1시즌을 실패하니 방향을 틀어야하나 고민돼요. 현직분들 멘토링이라도 받아보고 싶습니다.,consult
상담10,취업박람회에서 면접을 보고 연락이 왔는데 제가 희망하는 업무랑 좀 달라서 고민입니다. 조언 좀 부탁드려요.,consult
상담11,고민 좀 들어주세요. 취업이 너무 안돼서 걱정입니다. 공부하는 것도 점점 힘들고 지쳐요.,consult
상담12,고시 준비하다가 그만두고 취업하려는데 너무 걱정입니다. 준비된 스펙도 없어서 고민되고..어떤 방향성을 가져야할지도 모르겠어요.,consult
상담13,취업카페 괜찮은 곳 좀 추천해주시겠어요? 집에만 있기엔 걱정만 느네요.,consult
상담14,취업카페나 취업박람회처럼 상담할 수 있는 곳 추천해주세요. 고민이 있는데 혼자는 답이 안 나오네요.,consult
상담15,직무 방향성에 대해 고민이 많은 요즘입니다. 연봉 높은 분야로 가고 싶은데 사실 잘 모르겠어요. 상담해주실 분 계신가요?,consult
상담16,대학교에서 해주는 취업컨설팅 받아보신 분? 효과 좀 있나요? 그냥 상담경험이라도 있으신 분?,consult
상담17,대학에서 매칭해주는 멘토링 받아보신 분 계시나요? 상담이나 조언 잘 해주세요?,consult
상담18,현직자 멘토링 받을 수 있는 방법 있나요? 조언이나 상담 해보고 싶어요,consult
상담19,취업 컨설팅이나 멘토링 같은거 받을 수 있는 취업카페 있나요? 고용센터 같은데 가면 해주나요,consult
상담20,앞으로 예정된 it취업박람회 있나요? 개발자 수요가 많다는데 취업이 잘 안돼서 걱정이 드네요.,consult
상담21,선배님들 고민 좀 들어주세요. 계약직 제의가 들어왔는데 갈까 고민이 많이 됩니다. 계약직은 피하라는 말도 많고..걱정이 들어서요.,consult
상담22,파견직은 어떻게 생각하세요? 지원할까 너무 고민됩니다. 물경력될까봐 걱정도 되고. 많은 조언 부탁드려요.,consult
상담23,취업카페에서 상담 받고 기업에 지원했는데 막상 제가 그 일을 하고 싶은지 모르겠어요. 상담 결과에 따라서 쓰긴 했는데...너무 고민이 됩니다.,consult
상담24,대학생 멘토링 프로그램 있나요? 현직자와 상담하고 조언도 들어보고 싶습니다.,consult
상담25,커리어 방향성에 대한 고민이 많은 요즘입니다. 2년차인데 지금 하는 일이 크게 성장하기에는 부적합해 보여서 걱정이 들어요. 많은 조언 부탁드립니다.,consult
상담26,청년 대상 취업박람회가 따로 있나요? 기업연계까지 해주는 곳이라면 좋겠습니다. 취업이 너무 안돼서 걱정입니다.,consult
상담27,"미취업청년 대상 취업카페 같은 곳 있을까요? 취업이 안돼서 상담을 받든, 조언을 듣든 해보고 싶습니다.",consult
상담28,취업카페에 홍보글 올라오는 공고는 믿을만 한가요? 처음 들어보는 기업이라 걱정도 되고 고민이네요.,consult
상담29,적성 검사해주는 취업카페있나요? 졸업 직전인데 뭘 하고 싶은지 몰라서 고민이에요. 하루하루 걱정만 쌓이네요.,consult
상담30,창업을 하고 싶은데 어디서부터 해야할지 고민이 듭니다. 창업 컨설팅 받아볼 수 있나요?,consult
상담31,친구와 창업을 준비중인데 전문 컨설팅 한 번 받고 싶습니다. 잘 하고 있는건지 걱정되고 고민입니다.,consult
상담32,미술 전공하고 공방 창업을 하고 싶은데 어떻게 하는지 모르겠습니다. 창업 컨설팅 받을 수 있는 곳 있나요? 많은 조언 부탁드립니다.,consult
상담33,창업 고민이 있어서 문의드립니다. 전문 컨설턴트가 멘토링 같이 도와주는게 있다고 하던데 자격이 어떻게 되나요? 조언 좀 해주세요.,consult
상담34,청년 모임을 만들었는데 어떻게 운영해 나갈지 잘 모르겠습니다. 이런거 해보신 분 상담 좀 해주세요. 스펙으로 쓰고 싶은데 잘 안 돼서 고민입니다.,consult
상담35,대학 취업부서 연계 멘토링 해보신 분? 상담 잘 해주던가요? 평이 안 좋기도 해서 고민이네요.,consult
상담36,대학 동기들과 취업 동아리를 만들었는데 멘토링 해주실 현직자 구할 방법이 있을까요? 다들 취업고민 때문에 뭐라도 하고 싶은데 쉽지 않아서 걱정입니다.,consult
상담37,지원하는 족족 떨어지니까 자존감이 너무 떨어지는 요즘입니다. 상담 좀 받아볼 수 있을까요? 집에 있으니 걱정만 늘어요.,consult
상담38,"취업이 너무 안돼서 고민입니다. 제 인생이 잘못된거 같고, 걱정만 늘어요. 상담이라도 받아보고 싶은데 괜찮은 곳 있나요?",consult
상담39,구인구직 상담 받을 수 있는 취업카페나 고용센터가 많나요? 서울에서는 어디 있어요?,consult
상담40,외국에서 일해보고 싶은데 해외취업박람회 같은거 요새 안 열리나요? 정보 얻을 곳이 없어서 고민입니다. ,consult
상담41,이직 조언 좀 해주세요. 연봉이 중요할까요? 워라밸이 중요할까요? 요즘 너무 고민이 많네요. 걱정도 되구요.,consult
상담42,도움이 필요합니다. 제가 하는 취업 준비가 맞는지 모르겠어요. 상담이나 조언이 듣고 싶습니다.,consult
상담43,취업 컨설팅 받아보신 분? 효과 있나요? 단순 상담이나 조언 정도만 해주시나요?,consult
상담44,취업카페에서 상담 받아봤는데 효과 잘 모르겠습니다. 아예 취업컨설팅을 받아보고 싶은데 어디서 신청하면 되죠?,consult
상담45,직장 문제로 상담이 받고 싶습니다. 인간관계가 너무 힘듭니다. 현직자분들 멘토링이라도 들어보고 싶어요. 조언 좀 해주세요.,consult
상담46,취업이 안 돼서 걱정인 취준생입니다. 2시즌 째인데 너무 힘들어요. 뭐가 문제인지도 몰라서 고민이고요. 조언 좀 해주세요.,consult
상담47,"취업박람회 가면 상담은 맘대로 받아볼 수 있나요? 현직자한테 조언도 받고, 상담도 하면서 방향성을 잡아보고 싶어요.",consult
상담48,대학내 취업카페 가봤는데 나름 괜찮더라구요. 그래서 나라에서 해주는 멘토링이나 취업컨설팅도 받아보고 싶은데 어떻게 하나요? ,consult
상담49,집에만 있으니 걱정만 늘고 자존감은 떨어져 가네요. 어떡하죠? 상담이라도 받아볼까요? 취업카페가면 해주나요?,consult
상담50,취업 고민이 많은 취준생입니다. 방향성에 대한 확신이 안 서요. 제가 진짜 전공을 살리고 싶은건지 고민이에요. 자기 확신이 안 드니 걱정만 들고요. 조언 좀 부탁드려요.,consult
교육1,국비교육으로 컴활 자격증 따고 싶은데 어떻게 신청하나요? 온라인 강의도 되나요?,edu
교육2,국비교육으로 엑셀 공부하고 싶은데 오프라인 강의만 되나요? 코로나 때문에 학원가는건 좀 부담이라서요.,edu
교육3,내일배움카드로 CAD 공부해서 직무전환하고 싶은데 어떻게 신청하나요? 국비교육 학원 직접 전화해서 신청하나요?,edu
교육4,국비로 교육 듣는건 학원 가야되나요? 아님 온라인 강의로도 가능하나요?,edu
교육5,퇴사한지 2주 정도 됐는데 자격증 공부하면서 능력향상을 시키고 싶습니다. 학원 수업 들어야 할까요?,edu
교육6,내일배움카드 신청했는데 아무 교육이나 들을 수 있나요? 학원 강의 중에 제가 고르면 되나요?,edu
교육7,내일배움카드로 국비교육 받는거 다 무료인가요? 아님 개인부담 해야 하나요?,edu
교육8,자격증말고 능력향상 시킬 수 있는 방법이 또 없을까요? 그냥 일반 교육이라도 들을까요?,edu
교육9,IT가 취업이 잘 된다고 해서 개발 수업 듣고 싶은데 국비 교육 학원가서 신청하면 무료로 들을 수 있나요?,edu
교육10,sw개발자로 전환하고 싶어서 국비교육 과정 알아보고 있습니다. 교육생 전원 무료인가요?,edu
교육11,내일배움카드로 디자인 수업 들어보신 분? 학원 추천 좀 해주세요.,edu
교육12,국비 교육으로 빅데이터 교육 들어보신 분 있으신가요? 학원이나 강의 추천 좀 해주세요.,edu
교육13,국비로 자격증 교육 들으면 무조건 시험봐야하나요? 수업만 잘 따라가도 시험 합격할 정도인가요?,edu
교육14,컴퓨터 학원 다니면서 능력향상 시키려고 하는데 어떤 수업 듣는게 좋을까요? 강의 추천 좀여,edu
교육15,반도체로 취직하고 싶은 취준생인데 교육훈련 가능한 프로그램 있을까요? 수업부터 듣고 취직하고 싶어서요.,edu
교육16,인사에 도움이 되는 자격증 있을까요? 괜찮은 수업이나 강의도 추천해주시면 감사하겠습니다.,edu
교육17,무역에 도움 되는 자격증이나 교육 있나요? 내일배움카드로 들을 수 있죠?,edu
교육18,마케팅 교육을 들으려고 하는데 어느 학원이 괜찮나요? 경험있으신 분들 수업 추천 좀 해주세요.,edu
교육19,내일배움카드로 베이킹 교육 받으려고 하는데 개인 사업장도 괜찮나요?,edu
교육20,국비교육으로 바리스타 자격증 따려고 하는데 사단법인인가요?,edu
교육21,국비로 들을 수 있는 강의 중에 취준생한테 도움되는게 뭐가 있나요? 강의나 학원 추천 부탁드립니다.,edu
교육22,내일배움카드 사용 범위가 어떻게 되나요? 영어 수업 같은 것도 들을 수 있나요? 강의목록 어디서 볼 수 있어요?,edu
교육23,ai산업이 뜨고 있어서 국비교육으로 들어보고 싶은데 어디서 신청하나요? 기간이 짧은 수업은 없나요?,edu
교육24,사무행정 관련된 국비교육 들을게 있을까요? 컴활이나 파워포인트 같은 수업이요,edu
교육25,블록체인 국비교육 들어보고 싶은데 어떻게 신청하나요? 좋은 학원이나 수업 있을까요?,edu
교육26,군인인데 자기개발로 조리기능사 자격증 따고 싶습니다. 국비교육 군인도 할 수 있나요?,edu
교육27,디자이너로 취직하고 싶은데 포트폴리오 만들고 싶습니다. 국비교육으로 포토샵만 배울 수 있는 강의 있나요?,edu
교육28,품질관리 직무로 취직하고 싶은데 도움이 되는 교육이나 강의 있을까요?,edu
교육29,생산식으로 취직하고 싶은데 전기 관련된 자격증도 국비로 배울 수 있나요? ,edu
교육30,재무 직무로 취직하고 싶은데 회계 수업을 듣고 싶습니다. 자격증 취득까지 가능한 수업 있을까요?,edu
교육31,유튜브 편집자를 희망하는데 편집 배울 수 있는 수업있나요? 학원 추천해주세요.,edu
교육32,지게차 기술 배워서 현장일 하고 싶은데 어떻게 신청할 수 있나요? 나라에서 가르쳐 준다고 하던데?,edu
교육33,빅데이터 공부를 해보고 싶습니다. 국비교육을 지원하려고 하는데 수업이나 학원 괜찮은 곳 있나요?,edu
교육34,앱개발에 관심이 있어서 배워보고 싶은데 일반 컴퓨터 학원도 지원이 되나요?,edu
교육35,이직준비하며 디지털 마케팅 공부해보고 싶은데 괜찮은 학원이나 수업 있나요? 온라인 강의도 괜찮아요,edu
교육36,떡제조기능사 자격증을 따고 싶은데 이런 것도 국비교육있나요? 코로나인데 온라인 강의로 진행되나요?,edu
교육37,제과기능사 자격증 취득을 희망하는 학생입니다. 베이커리 취직하려고 하는데 학원에서 배워가야겠죠?,edu
교육38,내일배움카드로 전액 국비 지원 ai교육 듣고 있는 교육생인데 추가 공부를 하고 싶어서 강의 추천해주실 수 있나요?,edu
교육39,재직자입니다. 재직자 대상 능력향상 교육이나 수업 들을 수 있는 방법 있나요?,edu
교육40,일러스트레이터가 되고 싶은 학생입니다. 국비 교육 받으면 취업연계까지 가능한가요?,edu
교육41,인사팀 재직자인데 엑셀 수업을 들어야 할거 같아서요. 괜찮은 강의나 학원 알려주세요.,edu
교육42,자격증 공부하는게 생각보다 돈이 많이 들던데 국비로 강의 들을 수 있다고 해서 문의합니다.,edu
교육43,창업 교육도 국비로 가능한가요? 교육생들 대상으로 아이템 구상 같은거 가르쳐주는 수업이요,edu
교육44,장애인인데 디자이너가 되고 싶어서 국비 교육 알아보고 있습니다. 장애인도 수업 들을 수 있죠??,edu
교육45,취업하려고 기본 자격증을 따고 있는데 컴활은 혼자 하기 힘들어서 강의를 듣고 싶습니다. 어떻게 신청하나요?,edu
교육46,직업교육 같은거 받으려면 어떻게 하나요? 모든 수업은 오프라인으로 하나요? 교육생 출결 관리는 어떻게 이뤄지나요?,edu
교육47,취업관련 강의나 교육 받을 수 있는 방법 있나요? 온라인 강의라도 보고 싶어요,edu
교육48,카페 알바하면서 바리스타에 관심이 생겨서 자격증 따려고 하는데 학원 다녀야 하나요?,edu
교육49,비전공자도 빅데이터 국비교육 들을 수 있나요? 가능한 학원 좀 알려주세요.,edu
교육50,웹디자인 국비교육 신청하고 싶습니다. 교육생 취업연계까지 되는 곳이면 좋을 것 같습니다. 학원 이름 알려주세요,edu
교육51,이직 준비하면서 능력향상을 하고 싶어서 딸만한 자격증을 알아보고 있습니다. 인사 직무에 좋은 자격증 알려주세요.,edu
교육52,국비 지원 교육이 재직자 대상으로 한게 많이 없더라구요. it열풍이라 코딩 공부해보고 싶은데 재직자도 가능한 학원이나 수업은 어디서 찾나요?,edu
교육53,세무직 공무원 준비하면서 세무 자격증을 따고 싶은데 혼자는 힘들더라구요. 온라인 강의로 배울 수 있는 곳 있나요?,edu
교육54,회계나 세무 자격증을 따고 싶은데 지방이라 학원이 별로 없더라구요. 온라인 강의 괜찮은 곳 있나요?,edu
교육55,베이커리 창업을 하고 싶어서 제빵기능사 자격증을 따고 싶은데 국비 지원으로 가능한가요?,edu
교육56,국비 지원 스마트팩토리 교육은 교육생 전원 무료인가요? 아님 기준이 있나요? ,edu
교육57,내일배움카드로 워드 자격증 공부하는 교육생인데 1과목 수강하면서 다른 수업도 수강가능한가요?,edu
교육58,"경리 업무하려면 어떤 자격증이 필요할까요? 회계, 세무 자격증이 필요할까요? 코로나라서 온라인으로 강의 듣고 싶어요.",edu
교육59,비전공자인데 ai 국비 교육 지원 가능할까요? 수업 들어보고 싶어요,edu
교육60,재택근무하면서 시간이 남아서 자격증 공부하려고 하는데 요즘 국비 지원 자격증 많이 따더라구요. 재직자도 가능한가요?,edu
교육61,내일배움카드 발급은 어떻게 받는건가요? 고용센터에서 신청해야돼요?,edu
교육62,게임을 좋아해서 게임 그래픽 디자이너 수업을 들어보고 싶은데 완전 비전공자도 가능한가요? 내일배움카드만 발급받고 학원에 물어보면 되나요?,edu
교육63,재택근무가 길어져서 집에서 빵을 구워보고 싶은데 제과제빵 자격증 온라인으로 수업들을 수 있나요?어떤 학원이 괜찮나요?,edu
교육64,코딩 국비교육 받는 중인데요. 수강 기간 다 못 채운 교육생을 물어줘야 하나요? 내일배움카드 발급 받은 곳에 물어봐야하나요?,edu
면접1,첫 면접 앞두고 있는데 정장이 없습니다. 대여할 수 있을까요? 구두도 필요합니다.,interview
면접2,면접이 잡혔는데 구두가 망가졌습니다. 사기는 애매한데 빌릴 수 있나요?,interview
면접3,"면접에는 정장 필수인가요? 집에 정장 없는데..구두, 넥타이 다 필요한가요?",interview
면접4,급하게 면접이 생겼는데 정장이 안 맞네요. 구두는 있는데 정장이랑 넥타이 대여할 수 있는 방법 있나요?,interview
면접5,"면접봐야하는데 정장, 구두, 넥타이 아무것도 없네요. 다 대여가능한 곳 없나요?",interview
면접6,취준이 처음인데 자기소개서를 어떻게 쓰는건지 모르겠어요. 서류 지원부터 너무 힘들어요.,interview
면접7,자기소개서를 쓰긴 썼는데 뭐가 문제인지 모르겠어요. 자기소개서 질문별로 피드백 좀 해주실 선배님 없으신가요?,interview
면접8,졸업이 코앞인데 서류 전형부터 떨어지네요. 자기소개서가 문제인거 같은데 잘 모르겠어요. 자기소개서 질문 좀 받아주세요.,interview
면접9,자기소개서 질문들이 뭘 원하는건지 파악하는 능력이 부족한거 같아요. 어떻게 키우죠? 그냥 서류 많이 써보는 수 밖에 없나요?,interview
면접10,자기소개서는 쓸 수 있는데 이력서는 어떻게 쓰는지 모르겠습니다. 개조식이 뭔지 이해도 안 가요.,interview
면접11,서류 전형에서 이력서는 그냥 스펙 적으면 되는데 자기소개서는 꾸며서 써야 되잖아요. 그걸 잘 못하겠어요.,interview
면접12,이력서를 개조식으로 쓰라는데 어떻게 하는건가요. 자기소개서랑 다른건가요? 서류 전형부터 난항입니다.,interview
면접13,자기소개서 작성 연습을 미리 해보려고 하는데 질문은 어디서 구할 수 있나요? 대표적은 서류 전형 질문 알려주세요.,interview
면접14,ai면접만 보면 떨어집니다. ai면접은 뭘 평가하는 걸까요? 너무 어렵네요.,interview
면접15,코로나 때문에 ai면접이 생기면서 적응이 안돼요. ai면접 연습해볼 수 있는 방법 없나요?,interview
면접16,ai면접은 어떻게 해야 무난히 통과하나요? 연습해도 매번 질문이 달라지니 긴장만 되네요.,interview
면접17,친구들이랑 모의면접을 하고 싶은데 어떤식으로 하는건가요? 예상 질문 뽑아서 해보면 될까요?,interview
면접18,모의면접 해볼 수 있는 곳 있을까요? 면접만 생각하면 너무 긴장돼서 연습이 필요할 것 같아요.,interview
면접19,긴장을 많이 하는 성격이라 면접만 보면 떨어집니다. 모의면접으로 연습 좀 하고 싶은데 도와주세요.,interview
면접20,자기소개서 바탕으로 예상질문 뽑아서 혼자 모의면접 같이 연습하는게 도움될까요?,interview
면접21,"취업준비를 시작했는데 취업사진이 없습니다. 많이 비싼가요? 정장, 구두 입고 가야돼요?",interview
면접22,"취업사진 찍을 때 구두, 정장, 넥타이 다 하고 가야하나요? 가면 해주나요?",interview
면접23,취업사진 찍을 때 헤어는 하고 가나요? 돈 추가하면 거기서 해주나요?,interview
면접24,대학에서 취업사진 찍어보신 분 계신가요? 찍을만해요? 정장이나 헤어 같은거 다 도와주나요?,interview
면접25,"내일 취업사진 찍으러 가는데 헤어, 메이크업은 어떻게 하나요? 옷은 가면 준다고 하는데",interview
면접26,면접스킬이 따로 있을까요? 면접 연습으로 키울 수 있나요? 면접 생각만 하면 머리가 하얘지네요.,interview
면접27,자기소개서는 잘 통과하는데 면접은 계속 떨어지네요. 면접스킬이 따로 있을까요? 모의면접으로 연습하면 될까요?,interview
면접28,서류전형은 잘 통과하는데 역량검사에서 떨어지는건 뭘까요? 연습을 할 수 있는 것도 아니고..,interview
면접29,직무역량검사는 직무별로 상이하겠죠? 여러 직무 준비중이면 각각 연습해야겠네요. 모의면접 같은 걸로도 연습이 될까요?,interview
면접30,역량검사도 스킬이 있나요? 요즘 ai면접으로 역량 파악한다는데 어떤식으로 진행되나요,interview
면접31,이직준비하면서 오랜만에 서류부터 다시 쓰니까 어렵네요. 자기소개랑 이력서 좀 도와주실 수 있나요?,interview
면접32,이력서는 사실만 써야 하는거죠? 자기소개서처럼 약간 과장하면 안 되나요? 처음이라 잘 모르겠어요..,interview
면접33,ai면접에서는 무슨 질문 나오나요? 보통 면접이랑 비슷한가요? 다음주에 처음 보는데 하나도 모르겠어요.,interview
면접34,나라에서 모의면접 도와주는 정책이 있다는데 어떤건가요? 한 번만 돼요? 면접 질문은 어떤걸 준비해가면 되나요?,interview
면접35,"취업사진 찍으려고 정장, 구두, 헤어, 메이크업 다 하는거 좀 부담스러운데 그런거 좀 해주는 곳 없나요?",interview
면접36,이력서 질문 있습니다. 자기소개서랑 쓰는 방법이 다른가요? 경력기술하는 란에 줄글로 쓰는거 아니에여? 서류 좀 도와주세요.,interview
면접37,대표적인 면접 질문 좀 알려주세요. 모의면접 기회가 생겨서 대비하려는데 인터넷에는 너무 많아서 뭐가 뭔지 모르겠어요.,interview
면접38,대표적인 자기소개서 질문 알려주세요. 매번 새로 쓰기 어려워서 미리 적어두려고요. 서류 전형에 시간 너무 쓰고 싶지 않아요.,interview
면접39,말을 매끄럽게 못하는데 연습하면 좀 나아지나요? 모의면접에선 괜찮은데 실제 면접만 가면 새하얘지네여.,interview
면접40,내일 모레 ai면접이 잡혔는데 경험자분들 조언 좀 주세요. 질문은 어때요?,interview
면접41,ai면접스킬 좀 알려주세요. 열심히 게임? 했는데 2번이나 떨어져서 뭐가 문제인지 모르겠어요.,interview
면접42,졸업 앞둔 취준생인데 자기소개서 피드백 좀 해주실 선배님 계십니까? 질문별로 쓰긴 했는데 잘 모르겠어요. 연습이 더 필요하겠죠,interview
면접43,서류 전형은 자기소개서랑 이력서 중 뭐가 더 중요한가요? 처음이라 잘 모르겠네요.,interview
면접44,"면접볼 때 정장, 구두는 필수라는데 헤어랑 메이크업도 꼭 해야하나요?",interview
면접45,"면접에서 남자 헤어 안 하면 감점인가요? 단정하기만 하면 된다는 분들도 계시고 좀 어렵네요. 헤어, 메이크업은 얼마나 해요?",interview
면접46,모의면접 기회가 생겼는데 그것도 정장 입고 가는게 나을까요? 헤어 만지는건 좀 오바겠죠?,interview
면접47,비즈니스 캐주얼이면 정장에 넥타이는 안 하는 건가요? 구두는 필수고요? 헤어랑 메이크업까지는 오바겠죠?,interview
면접48,역량검사는 대체 어떻게 준비하는건가요? 질문이 있는 건가요? 연습으로 키울 수 있는건지..,interview
면접49,이력서 점검 좀 해주실 분 계신가요? 이직 준비중인데 이직은 처음이라 이력서를 어떻게 써야하는지 감이 안 와요.,interview
면접50,"취업사진 잘 찍는 곳 아시는 계신가요? 요새 나라에서도 찍어주던데 그거 괜찮아요? 정장, 헤어 다 해주나요?",interview
일자리1,직무는 반도체 생산직을 희망하는 취준생입니다. 반도체 공장 일자리 있을까요? 경력은 없고 직무경험하고 싶습니다. ,job
일자리2,스타트업 인사 직무에 취직하고 싶습니다. 일경험이라도 쌓고 싶은데 일자리 있을까요?,job
일자리3,화학 전공하고 연구직 희망하고 있습니다. 연구직은 대기업이 괜찮겠죠? 계약직이라도 직무경험 해보고 싶은데 할 수 있을까요?,job
일자리4,마케팅 직무로 일자리 구합니다. 평생직장 없다지만 이직을 안 좋아해서 오래 일하고 싶습니다. 정규직이면 좋겠고 경력은 2년 있습니다.,job
일자리5,경력있으면 직무경험 쌓고자 인턴하는건 별로인가요? 다른 직무경험 해보고 싶은데 경력이 완전 달라서 걱정이네요.,job
일자리6,생산직하다가 사무직으로 직무전환 하고 싶은데 경력이 없으니 힘드네요. 일자리 구할 수 있나요?,job
일자리7,it산업이 뜨고 있어서 공부하고 계약직이라도 일경험 쌓으면서 취직하고 싶은데 가능할까요?,job
일자리8,스타트업 개발직은 사람 많이 뽑나요? 졸업 앞둔 컴공생인데 프론트엔드 직무경험 쌓고 싶어서 찾아보는 중입니다. 일자리 좀 주세요,job
일자리9,생산직하다가 평생직장은 아닌거 같아서 공부해서 직무전환하려고 합니다. 제조업 사무직으로 가고 싶은데 일자리 구할 수 있나요?,job
일자리10,중소기업에서 인턴하고 싶은데 일자리 있을까요? 일경험부터 쌓고 이직하려고 합니다.,job
일자리11,스타트업 인턴 일자리 있나요? 대기업보다 스타트업에 더 관심이 있는데 경력직 위주로 뽑는 것 같더라구요,job
일자리12,스타트업에서 인턴하려면 어디서 찾아야하나요? 계약직이라도 직무경험해보고 싶은데 경력직 많이 뽑더라구요,job
일자리13,생산직 계약직으로 있는데 이제 정규직으로 일해보고 싶습니다. 경력은 3년인데 괜찮은 일자리 있을까요?,job
일자리14,학교때문에 타지에 나와있는데 졸업을 앞두고 있어서 계약직이라도 일하면서 생활비 좀 벌고 싶습니다. 괜찮은 일자리 있을까요?,job
일자리15,정규직으로 취업하고 싶습니다. 계약직 2년해봤지만 연장도 안되고 이제 평생직장 갖고 싶어요. 괜찮은 일자리 알려주세요.,job
일자리16,연구직으로 이직 준비중인데 중소기업 연구직도 괜찮나요? 아무래도 연구직은 대기업이 대부분이라서 고민이네요.,job
일자리17,자동차 기업에서 계약직으로 일하고 있습니다. 일경험 쌓을 겸 시작했는데 이제 정규직으로 가고 싶네요. 자동차 제조산업 일자리 추천 좀 해주세요.,job
일자리18,"졸업을 앞둔 취준생입니다. 괜찮은 인턴하고 싶은데 쉽지 않네요. 중소기업, 스타트업 상관없으니 인턴 일자리 좀 알려주세요.",job
일자리19,사무직으로 직무전환하고 싶은데 좋은 기업있을까요? 이전 경력은 현장 위주라 도움이 안 될거 같은데. 어떤 곳이라도 괜찮습니다.,job
일자리20,3번째 이직을 준비중인데 이제 평생직장으로 삼으려고 합니다. 어떤 산업 혹은 기업이 괜찮나요? 괜찮은 일자리 있으면 추천해주세요.,job
일자리21,재무직 취준생인데 회계 직무경험 해보고 싶은데 인턴 일자리 구할 수 있을까요?,job
일자리22,"사정이 있어서 지방으로 이사했는데 일자리가 너무 적어서요. 생산직, 사무직 다 괜찮으니까 일자리 알려주에ㅛ.",job
일자리23,해외취업을 희망하고 있습니다. 마케팅 직무를 원하고요. 패션 산업이면 좋겠습니다. 인턴이라도 구할 수 있나요?,job
일자리24,it직무로 해외취업을 하고 싶습니다. 인턴해보고 싶은데 해외인턴이나 일자리 어떻게 구할 수 있나요? 어떻게든 일경험 해보고 싶어요.,job
일자리25,해외영업 경력직인데 경력 살려서 해외취업하려고 합니다. 직무경험은 충분해서 정규직으로 들어가고 싶은데 가능한가요?,job
일자리26,해외 반도체 공장에 품질관리직으로 해외취업을 희망하고 있습니다. 계약직 제의가 들어왔는데 괜찮을까요? 다른 기업 중에 정규직으로 뽑는 곳은 없나요?,job
일자리27,경영학과 전공하고 인사팀에 인턴만 2번째인데 이제 정규직으로 입사하고 싶습니다. 일자리 없을까요?,job
일자리28,인턴만 3번째인데 정규직 합격이 왜 이렇게 안될까요? 대기업만 고집해서 그런거 같아서 중소기업이나 스타트업으로 눈 돌리고 있습니다. 괜찮은 일자리 있을까요?,job
일자리29,생산직 경력 2년 있습니다. 경력 살려서 생산관리직으로 직무전환하고 싶은데 일자리 구할 수 있을까요?,job
일자리30,정규직으로 해외취업하기 힘든가요? 영어는 괜찮은데 일자리 자체를 어디서 찾아야하는지 모르겠어요.,job
일자리31,신입으로 전략기획 직무 가는건 너무 어려운가요? 인턴으로 직무경험이라도 쌓고 싶은데 괜찮은 기업 없나요?,job
일자리32,스타트업에서 개발 2년차 경력직인데 평생직장은 어려운거 같아서 이직하려고 합니다. 괜찮은 기업 없을까요?,job
일자리33,졸업 전에 인턴이라도 하고 싶습니다. 스타트업을 희망하고 있고 인턴 일자리 뽑는 기업 좀 알려주세요.,job
일자리34,영업직 경력 3년차인데 이제 사무직으로 일하고 싶습니다. 정규직으로 뽑고 있는 기업 알려주세요.,job
일자리35,중소기업이라도 들어가서 일경험 쌓고 싶습니다. 괜찮은 중소기업 알려주세요.,job
일자리36,스타트업에서 인턴하면서 직무경험 쌓고 싶습니다. 좋은 스타트업 알려주세요.,job
일자리37,중소기업이나 스타트업처럼 작은 회사에서 직무경험 쌓고 싶습니다. 어디 없을까요?,job
일자리38,휴학하고 인턴하려고 하는데 일경험 쌓기 좋은 기업 없을까요? 산업은 패션을 희망합니다.,job
일자리39,디자인 직무로 취업 준비중인데 스타트업은 경력만 뽑더라구요. 신입 뽑는 디자인 기업 없나요?,job
일자리40,빅데이터 분석으로 취업하고 싶습니다. 스타트업들이 많이 뽑던데 인턴으로 일경험이라도 하면서 직무역량 키우고 싶습니다. ,job
일자리41,방송PD하고 싶은데 수요가 너무 적네요. 방송일 뭐든 하면서 직무경험 쌓고 싶은데 인턴이라도 뽑는 곳 있을까요?,job
일자리42,헤어디자이너를 하고 싶은데 코로나라서 신입 모집을 잘 안하네요. 인턴으로 들어가서 일경험부터 쌓고 싶은데 뽑는 곳 없나요?,job
일자리43,호텔리어를 희망하고 싶습니다. 호텔에서 2년 알바한 경력은 있는데 도움 될까요? 호텔 산업쪽 계약직이라도 좋으니 일자리 있으면 알려주세요.,job
일자리44,전문고 졸업하고 호텔 주방에서 3년 경력있습니다. 레스토랑으로 이직하고 싶은데 계약직은 그렇고 정규직 뽑는 곳 있나요?,job
일자리45,농업 기업 괜찮은 곳 추천해주세요. 지방이라도 들어가서 일경험 쌓고 직무역량 올리고 싶습니다.,job
일자리46,공기업 사무직도 도움 받을 수 있나요? 인턴 경험은 있습니다. 공기업 취업 일자리 알려주세요.,job
일자리47,경력 단절 여성입니다. 경력 단절 여성 대상 일자리 지원 사업이 있나요?,job
일자리48,연구직으로 2년 경력있는데 이직하고 싶습니다. 연구직 너무 힘들어서 일반 사무직으로 가려하는데 경력직 사무직 뽑는 기업 알려주세요.,job
일자리49,통신사 기업에서 기술개발직으로 1년차입니다. 스타트업 가서 상장시키고 돈 많이 벌고 싶은데 괜찮은 스타트업 있나요? 추천 해주세요.,job
